{"strategy":{"FreqAIStrategy":{"trades":[{"pair":"BNB/USDT:USDT","stake_amount":58.2296,"max_stake_amount":58.2296,"amount":0.13,"open_date":"2024-03-07 15:00:00+00:00","close_date":"2024-03-07 16:00:00+00:00","open_rate":447.92,"close_rate":453.77,"fee_open":0.0005,"fee_close":0.0005,"trade_duration":60,"profit_ratio":0.012032304907625597,"profit_abs":0.70098662,"exit_reason":"trailing_stop_loss","initial_stop_loss_abs":434.49,"initial_stop_loss_ratio":-0.03,"stop_loss_abs":453.77,"stop_loss_ratio":-0.01,"min_rate":443.76,"max_rate":458.35,"is_open":false,"enter_tag":"","leverage":1.0,"is_short":false,"open_timestamp":1709823600000,"close_timestamp":1709827200000,"orders":[{"amount":0.13,"safe_price":447.92,"ft_order_side":"buy","order_filled_timestamp":1709823600000,"ft_is_entry":true,"ft_order_tag":"","cost":58.2587148},{"amount":0.13,"safe_price":453.77,"ft_order_side":"sell","order_filled_timestamp":1709827200000,"ft_is_entry":false,"ft_order_tag":"trailing_stop_loss","cost":59.01959504999999}],"funding_fees":-0.000903526897},{"pair":"BNB/USDT:USDT","stake_amount":59.475,"max_stake_amount":59.475,"amount":0.13,"open_date":"2024-03-07 17:00:00+00:00","close_date":"2024-03-07 19:00:00+00:00","open_rate":457.5,"close_rate":463.29,"fee_open":0.0005,"fee_close":0.0005,"trade_duration":120,"profit_ratio":0.011643588042044552,"profit_abs":0.69284865,"exit_reason":"trailing_stop_loss","initial_stop_loss_abs":443.78,"initial_stop_loss_ratio":-0.03,"stop_loss_abs":463.29,"stop_loss_ratio":-0.01,"min_rate":455.44,"max_rate":467.96,"is_open":false,"enter_tag":"","leverage":1.0,"is_short":false,"open_timestamp":1709830800000,"close_timestamp":1709838000000,"orders":[{"amount":0.13,"safe_price":457.5,"ft_order_side":"buy","order_filled_timestamp":1709830800000,"ft_is_entry":true,"ft_order_tag":"","cost":59.5047375},{"amount":0.13,"safe_price":463.29,"ft_order_side":"sell","order_filled_timestamp":1709838000000,"ft_is_entry":false,"ft_order_tag":"trailing_stop_loss","cost":60.257813850000005}],"funding_fees":0.0},{"pair":"BNB/USDT:USDT","stake_amount":56.1504,"max_stake_amount":56.1504,"amount":0.12,"open_date":"2024-03-07 20:00:00+00:00","close_date":"2024-03-08 12:00:00+00:00","open_rate":467.92,"close_rate":476.39,"fee_open":0.0005,"fee_close":0.0005,"trade_duration":960,"profit_ratio":0.017083792263553638,"profit_abs":0.9597414,"exit_reason":"trailing_stop_loss","initial_stop_loss_abs":453.89,"initial_stop_loss_ratio":-0.03,"stop_loss_abs":476.39,"stop_loss_ratio":-0.01,"min_rate":463.44,"max_rate":481.2,"is_open":false,"enter_tag":"","leverage":1.0,"is_short":false,"open_timestamp":1709841600000,"close_timestamp":1709899200000,"orders":[{"amount":0.12,"safe_price":467.92,"ft_order_side":"buy","order_filled_timestamp":1709841600000,"ft_is_entry":true,"ft_order_tag":"","cost":56.178475199999994},{"amount":0.12,"safe_price":476.39,"ft_order_side":"sell","order_filled_timestamp":1709899200000,"ft_is_entry":false,"ft_order_tag":"trailing_stop_loss","cost":57.19538339999999}],"funding_fees":0.0},{"pair":"BNB/USDT:USDT","stake_amount":57.6384,"max_stake_amount":57.6384,"amount":0.12,"open_date":"2024-03-08 13:00:00+00:00","close_date":"2024-03-08 15:00:00+00:00","open_rate":480.32,"close_rate":465.92,"fee_open":0.0005,"fee_close":0.0005,"trade_duration":120,"profit_ratio":-0.030949548543516385,"profit_abs":-1.7847744,"exit_reason":"stop_loss","initial_stop_loss_abs":465.92,"initial_stop_loss_ratio":-0.03,"stop_loss_abs":465.92,"stop_loss_ratio":-0.03,"min_rate":462.0,"max_rate":489.87,"is_open":false,"enter_tag":"","leverage":1.0,"is_short":false,"open_timestamp":1709902800000,"close_timestamp":1709910000000,"orders":[{"amount":0.12,"safe_price":480.32,"ft_order_side":"buy","order_filled_timestamp":1709902800000,"ft_is_entry":true,"ft_order_tag":"","cost":57.66721919999999},{"amount":0.12,"safe_price":465.92,"ft_order_side":"sell","order_filled_timestamp":1709910000000,"ft_is_entry":false,"ft_order_tag":"stop_loss","cost":55.9383552}],"funding_fees":0.0},{"pair":"BNB/USDT:USDT","stake_amount":56.688,"max_stake_amount":56.688,"amount":0.12,"open_date":"2024-03-08 16:00:00+00:00","close_date":"2024-03-08 17:00:00+00:00","open_rate":472.4,"close_rate":479.41,"fee_open":0.0005,"fee_close":0.0005,"trade_duration":60,"profit_ratio":0.013835914035643765,"profit_abs":0.78472246,"exit_reason":"trailing_stop_loss","initial_stop_loss_abs":458.23,"initial_stop_loss_ratio":-0.03,"stop_loss_abs":479.41,"stop_loss_ratio":-0.01,"min_rate":463.5,"max_rate":484.25,"is_open":false,"enter_tag":"","leverage":1.0,"is_short":false,"open_timestamp":1709913600000,"close_timestamp":1709917200000,"orders":[{"amount":0.12,"safe_price":472.4,"ft_order_side":"buy","order_filled_timestamp":1709913600000,"ft_is_entry":true,"ft_order_tag":"","cost":56.71634399999999},{"amount":0.12,"safe_price":479.41,"ft_order_side":"sell","order_filled_timestamp":1709917200000,"ft_is_entry":false,"ft_order_tag":"trailing_stop_loss","cost":57.5579646}],"funding_fees":0.000631062497022804},{"pair":"BNB/USDT:USDT","stake_amount":57.8364,"max_stake_amount":57.8364,"amount":0.12,"open_date":"2024-03-08 18:00:00+00:00","close_date":"2024-03-09 03:00:00+00:00","open_rate":481.97,"close_rate":487.29,"fee_open":0.0005,"fee_close":0.0005,"trade_duration":540,"profit_ratio":0.010152184214550816,"profit_abs":0.58745937,"exit_reason":"trailing_stop_loss","initial_stop_loss_abs":467.52,"initial_stop_loss_ratio":-0.03,"stop_loss_abs":487.29,"stop_loss_ratio":-0.01,"min_rate":477.87,"max_rate":492.21,"is_open":false,"enter_tag":"","leverage":1.0,"is_short":false,"open_timestamp":1709920800000,"close_timestamp":1709953200000,"orders":[{"amount":0.12,"safe_price":481.97,"ft_order_side":"buy","order_filled_timestamp":1709920800000,"ft_is_entry":true,"ft_order_tag":"","cost":57.8653182},{"amount":0.12,"safe_price":487.29,"ft_order_side":"sell","order_filled_timestamp":1709953200000,"ft_is_entry":false,"ft_order_tag":"trailing_stop_loss","cost":58.5040374}],"funding_fees":0.007214974507512073},{"pair":"BNB/USDT:USDT","stake_amount":58.6824,"max_stake_amount":58.6824,"amount":0.12,"open_date":"2024-03-09 04:00:00+00:00","close_date":"2024-03-10 07:00:00+00:00","open_rate":489.02,"close_rate":499.85,"fee_open":0.0005,"fee_close":0.0005,"trade_duration":1620,"profit_ratio":0.021616579649318936,"profit_abs":1.26914703,"exit_reason":"trailing_stop_loss","initial_stop_loss_abs":474.35,"initial_stop_loss_ratio":-0.03,"stop_loss_abs":499.85,"stop_loss_ratio":-0.01,"min_rate":479.27,"max_rate":504.89,"is_open":false,"enter_tag":"","leverage":1.0,"is_short":false,"open_timestamp":1709956800000,"close_timestamp":1710054000000,"orders":[{"amount":0.12,"safe_price":489.02,"ft_order_side":"buy","order_filled_timestamp":1709956800000,"ft_is_entry":true,"ft_order_tag":"","cost":58.71174119999999},{"amount":0.12,"safe_price":499.85,"ft_order_side":"sell","order_filled_timestamp":1710054000000,"ft_is_entry":false,"ft_order_tag":"trailing_stop_loss","cost":60.011990999999995}],"funding_fees":0.028879233156000002},{"pair":"BNB/USDT:USDT","stake_amount":55.4279,"max_stake_amount":55.4279,"amount":0.11,"open_date":"2024-03-10 08:00:00+00:00","close_date":"2024-03-10 08:00:00+00:00","open_rate":503.89,"close_rate":508.9289,"fee_open":0.0005,"fee_close":0.0005,"trade_duration":0,"profit_ratio":0.008990504738609966,"profit_abs":0.49857396,"exit_reason":"trailing_stop_loss","initial_stop_loss_abs":488.78,"initial_stop_loss_ratio":-0.03,"stop_loss_abs":509.85,"stop_loss_ratio":-0.01,"min_rate":501.23,"max_rate":515.0,"is_open":false,"enter_tag":"","leverage":1.0,"is_short":false,"open_timestamp":1710057600000,"close_timestamp":1710057600000,"orders":[{"amount":0.11,"safe_price":503.89,"ft_order_side":"buy","order_filled_timestamp":1710057600000,"ft_is_entry":true,"ft_order_tag":"","cost":55.45561395},{"amount":0.11,"safe_price":508.9289,"ft_order_side":"sell","order_filled_timestamp":1710057600000,"ft_is_entry":false,"ft_order_tag":"trailing_stop_loss","cost":56.0101700895}],"funding_fees":0.0},{"pair":"BNB/USDT:USDT","stake_amount":56.5026,"max_stake_amount":56.5026,"amount":0.11,"open_date":"2024-03-10 09:00:00+00:00","close_date":"2024-03-10 09:00:00+00:00","open_rate":513.66,"close_rate":518.7966,"fee_open":0.0005,"fee_close":0.0005,"trade_duration":0,"profit_ratio":0.008990504800694554,"profit_abs":0.50824089,"exit_reason":"trailing_stop_loss","initial_stop_loss_abs":498.26,"initial_stop_loss_ratio":-0.03,"stop_loss_abs":530.72,"stop_loss_ratio":-0.01,"min_rate":507.5,"max_rate":536.08,"is_open":false,"enter_tag":"","leverage":1.0,"is_short":false,"open_timestamp":1710061200000,"close_timestamp":1710061200000,"orders":[{"amount":0.11,"safe_price":513.66,"ft_order_side":"buy","order_filled_timestamp":1710061200000,"ft_is_entry":true,"ft_order_tag":"","cost":56.53085129999999},{"amount":0.11,"safe_price":518.7966,"ft_order_side":"sell","order_filled_timestamp":1710061200000,"ft_is_entry":false,"ft_order_tag":"trailing_stop_loss","cost":57.096159813}],"funding_fees":0.0},{"pair":"BNB/USDT:USDT","stake_amount":57.7973,"max_stake_amount":57.7973,"amount":0.11,"open_date":"2024-03-10 10:00:00+00:00","close_date":"2024-03-10 10:00:00+00:00","open_rate":525.43,"close_rate":530.6843,"fee_open":0.0005,"fee_close":0.0005,"trade_duration":0,"profit_ratio":0.008990504687099988,"profit_abs":0.51988671,"exit_reason":"trailing_stop_loss","initial_stop_loss_abs":509.67,"initial_stop_loss_ratio":-0.03,"stop_loss_abs":533.18,"stop_loss_ratio":-0.01,"min_rate":525.32,"max_rate":538.56,"is_open":false,"enter_tag":"","leverage":1.0,"is_short":false,"open_timestamp":1710064800000,"close_timestamp":1710064800000,"orders":[{"amount":0.11,"safe_price":525.43,"ft_order_side":"buy","order_filled_timestamp":1710064800000,"ft_is_entry":true,"ft_order_tag":"","cost":57.82619864999999},{"amount":0.11,"safe_price":530.6843,"ft_order_side":"sell","order_filled_timestamp":1710064800000,"ft_is_entry":false,"ft_order_tag":"trailing_stop_loss","cost":58.4044606365}],"funding_fees":0.0},{"pair":"BNB/USDT:USDT","stake_amount":59.0557,"max_stake_amount":59.0557,"amount":0.11,"open_date":"2024-03-10 11:00:00+00:00","close_date":"2024-03-10 14:00:00+00:00","open_rate":536.87,"close_rate":520.77,"fee_open":0.0005,"fee_close":0.0005,"trade_duration":180,"profit_ratio":-0.030958164444143715,"profit_abs":-1.8291702,"exit_reason":"stop_loss","initial_stop_loss_abs":520.77,"initial_stop_loss_ratio":-0.03,"stop_loss_abs":520.77,"stop_loss_ratio":-0.03,"min_rate":518.18,"max_rate":537.8,"is_open":false,"enter_tag":"","leverage":1.0,"is_short":false,"open_timestamp":1710068400000,"close_timestamp":1710079200000,"orders":[{"amount":0.11,"safe_price":536.87,"ft_order_side":"buy","order_filled_timestamp":1710068400000,"ft_is_entry":true,"ft_order_tag":"","cost":59.085227849999995},{"amount":0.11,"safe_price":520.77,"ft_order_side":"sell","order_filled_timestamp":1710079200000,"ft_is_entry":false,"ft_order_tag":"stop_loss","cost":57.31334235}],"funding_fees":0.0},{"pair":"BNB/USDT:USDT","stake_amount":58.0547,"max_stake_amount":58.0547,"amount":0.11,"open_date":"2024-03-10 15:00:00+00:00","close_date":"2024-03-11 00:00:00+00:00","open_rate":527.77,"close_rate":511.94,"fee_open":0.0005,"fee_close":0.0005,"trade_duration":540,"profit_ratio":-0.03132162488535612,"profit_abs":-1.81927672,"exit_reason":"stop_loss","initial_stop_loss_abs":511.94,"initial_stop_loss_ratio":-0.03,"stop_loss_abs":511.94,"stop_loss_ratio":-0.03,"min_rate":504.57,"max_rate":532.49,"is_open":false,"enter_tag":"","leverage":1.0,"is_short":false,"open_timestamp":1710082800000,"close_timestamp":1710115200000,"orders":[{"amount":0.11,"safe_price":527.77,"ft_order_side":"buy","order_filled_timestamp":1710082800000,"ft_is_entry":true,"ft_order_tag":"","cost":58.08372735},{"amount":0.11,"safe_price":511.94,"ft_order_side":"sell","order_filled_timestamp":1710115200000,"ft_is_entry":false,"ft_order_tag":"stop_loss","cost":56.3415567}],"funding_fees":-0.020792670976000002},{"pair":"BNB/USDT:USDT","stake_amount":57.0009,"max_stake_amount":57.0009,"amount":0.11,"open_date":"2024-03-11 01:00:00+00:00","close_date":"2024-03-11 07:00:00+00:00","open_rate":518.19,"close_rate":529.14,"fee_open":0.0005,"fee_close":0.0005,"trade_duration":360,"profit_ratio":0.020110624361298193,"profit_abs":1.14689685,"exit_reason":"trailing_stop_loss","initial_stop_loss_abs":502.65,"initial_stop_loss_ratio":-0.03,"stop_loss_abs":529.14,"stop_loss_ratio":-0.01,"min_rate":509.0,"max_rate":534.48,"is_open":false,"enter_tag":"","leverage":1.0,"is_short":false,"open_timestamp":1710118800000,"close_timestamp":1710140400000,"orders":[{"amount":0.11,"safe_price":518.19,"ft_order_side":"buy","order_filled_timestamp":1710118800000,"ft_is_entry":true,"ft_order_tag":"","cost":57.029400450000004},{"amount":0.11,"safe_price":529.14,"ft_order_side":"sell","order_filled_timestamp":1710140400000,"ft_is_entry":false,"ft_order_tag":"trailing_stop_loss","cost":58.23450269999999}],"funding_fees":0.0},{"pair":"BNB/USDT:USDT","stake_amount":58.1251,"max_stake_amount":58.1251,"amount":0.11,"open_date":"2024-03-11 08:00:00+00:00","close_date":"2024-03-11 16:00:00+00:00","open_rate":528.41,"close_rate":512.56,"fee_open":0.0005,"fee_close":0.0005,"trade_duration":480,"profit_ratio":-0.031060538073211404,"profit_abs":-1.80629958,"exit_reason":"stop_loss","initial_stop_loss_abs":512.56,"initial_stop_loss_ratio":-0.03,"stop_loss_abs":512.56,"stop_loss_ratio":-0.03,"min_rate":512.19,"max_rate":533.5,"is_open":false,"enter_tag":"","leverage":1.0,"is_short":false,"open_timestamp":1710144000000,"close_timestamp":1710172800000,"orders":[{"amount":0.11,"safe_price":528.41,"ft_order_side":"buy","order_filled_timestamp":1710144000000,"ft_is_entry":true,"ft_order_tag":"","cost":58.154162549999995},{"amount":0.11,"safe_price":512.56,"ft_order_side":"sell","order_filled_timestamp":1710172800000,"ft_is_entry":false,"ft_order_tag":"stop_loss","cost":56.40979079999999}],"funding_fees":-0.005546229453029342},{"pair":"BNB/USDT:USDT","stake_amount":56.8117,"max_stake_amount":56.8117,"amount":0.11,"open_date":"2024-03-11 17:00:00+00:00","close_date":"2024-03-12 02:00:00+00:00","open_rate":516.47,"close_rate":527.44,"fee_open":0.0005,"fee_close":0.0005,"trade_duration":540,"profit_ratio":0.02002062985250405,"profit_abs":1.13797472,"exit_reason":"trailing_stop_loss","initial_stop_loss_abs":500.98,"initial_stop_loss_ratio":-0.03,"stop_loss_abs":527.44,"stop_loss_ratio":-0.01,"min_rate":515.82,"max_rate":532.76,"is_open":false,"enter_tag":"","leverage":1.0,"is_short":false,"open_timestamp":1710176400000,"close_timestamp":1710208800000,"orders":[{"amount":0.11,"safe_price":516.47,"ft_order_side":"buy","order_filled_timestamp":1710176400000,"ft_is_entry":true,"ft_order_tag":"","cost":56.84010585},{"amount":0.11,"safe_price":527.44,"ft_order_side":"sell","order_filled_timestamp":1710208800000,"ft_is_entry":false,"ft_order_tag":"trailing_stop_loss","cost":58.047409200000004}],"funding_fees":-0.011310234423537303},{"pair":"BNB/USDT:USDT","stake_amount":59.2625,"max_stake_amount":59.2625,"amount":0.11,"open_date":"2024-03-12 06:00:00+00:00","close_date":"2024-03-12 08:00:00+00:00","open_rate":538.75,"close_rate":522.59,"fee_open":0.0005,"fee_close":0.0005,"trade_duration":120,"profit_ratio":-0.031520368564926564,"profit_abs":-1.86890983,"exit_reason":"stop_loss","initial_stop_loss_abs":522.59,"initial_stop_loss_ratio":-0.03,"stop_loss_abs":522.59,"stop_loss_ratio":-0.03,"min_rate":522.3,"max_rate":540.7,"is_open":false,"enter_tag":"","leverage":1.0,"is_short":false,"open_timestamp":1710223200000,"close_timestamp":1710230400000,"orders":[{"amount":0.11,"safe_price":538.75,"ft_order_side":"buy","order_filled_timestamp":1710223200000,"ft_is_entry":true,"ft_order_tag":"","cost":59.29213125},{"amount":0.11,"safe_price":522.59,"ft_order_side":"sell","order_filled_timestamp":1710230400000,"ft_is_entry":false,"ft_order_tag":"stop_loss","cost":57.51364245}],"funding_fees":-0.03293612976835115},{"pair":"BNB/USDT:USDT","stake_amount":58.0437,"max_stake_amount":58.0437,"amount":0.11,"open_date":"2024-03-12 09:00:00+00:00","close_date":"2024-03-12 14:00:00+00:00","open_rate":527.67,"close_rate":543.39,"fee_open":0.0005,"fee_close":0.0005,"trade_duration":300,"profit_ratio":0.028762070156007333,"profit_abs":1.6702917,"exit_reason":"trailing_stop_loss","initial_stop_loss_abs":511.84,"initial_stop_loss_ratio":-0.03,"stop_loss_abs":543.39,"stop_loss_ratio":-0.01,"min_rate":520.0,"max_rate":548.87,"is_open":false,"enter_tag":"","leverage":1.0,"is_short":false,"open_timestamp":1710234000000,"close_timestamp":1710252000000,"orders":[{"amount":0.11,"safe_price":527.67,"ft_order_side":"buy","order_filled_timestamp":1710234000000,"ft_is_entry":true,"ft_order_tag":"","cost":58.07272184999999},{"amount":0.11,"safe_price":543.39,"ft_order_side":"sell","order_filled_timestamp":1710252000000,"ft_is_entry":false,"ft_order_tag":"trailing_stop_loss","cost":59.80278645}],"funding_fees":0.0},{"pair":"BNB/USDT:USDT","stake_amount":58.703,"max_stake_amount":58.703,"amount":0.1,"open_date":"2024-03-13 11:00:00+00:00","close_date":"2024-03-13 11:00:00+00:00","open_rate":587.03,"close_rate":592.9003,"fee_open":0.0005,"fee_close":0.0005,"trade_duration":0,"profit_ratio":0.008990504832758144,"profit_abs":0.52803349,"exit_reason":"trailing_stop_loss","initial_stop_loss_abs":569.42,"initial_stop_loss_ratio":-0.03,"stop_loss_abs":594.97,"stop_loss_ratio":-0.01,"min_rate":585.66,"max_rate":600.97,"is_open":false,"enter_tag":"","leverage":1.0,"is_short":false,"open_timestamp":1710327600000,"close_timestamp":1710327600000,"orders":[{"amount":0.1,"safe_price":587.03,"ft_order_side":"buy","order_filled_timestamp":1710327600000,"ft_is_entry":true,"ft_order_tag":"","cost":58.7323515},{"amount":0.1,"safe_price":592.9003,"ft_order_side":"sell","order_filled_timestamp":1710327600000,"ft_is_entry":false,"ft_order_tag":"trailing_stop_loss","cost":59.319675015}],"funding_fees":0.0},{"pair":"BNB/USDT:USDT","stake_amount":59.333,"max_stake_amount":59.333,"amount":0.1,"open_date":"2024-03-13 12:00:00+00:00","close_date":"2024-03-13 22:00:00+00:00","open_rate":593.33,"close_rate":612.68,"fee_open":0.0005,"fee_close":0.0005,"trade_duration":600,"profit_ratio":0.030915073196720367,"profit_abs":1.83520118,"exit_reason":"trailing_stop_loss","initial_stop_loss_abs":575.54,"initial_stop_loss_ratio":-0.03,"stop_loss_abs":612.68,"stop_loss_ratio":-0.01,"min_rate":578.0,"max_rate":618.86,"is_open":false,"enter_tag":"","leverage":1.0,"is_short":false,"open_timestamp":1710331200000,"close_timestamp":1710367200000,"orders":[{"amount":0.1,"safe_price":593.33,"ft_order_side":"buy","order_filled_timestamp":1710331200000,"ft_is_entry":true,"ft_order_tag":"","cost":59.3626665},{"amount":0.1,"safe_price":612.68,"ft_order_side":"sell","order_filled_timestamp":1710367200000,"ft_is_entry":false,"ft_order_tag":"trailing_stop_loss","cost":61.298634}],"funding_fees":-0.039498321666627506},{"pair":"BNB/USDT:USDT","stake_amount":55.4121,"max_stake_amount":55.4121,"amount":0.09,"open_date":"2024-03-13 23:00:00+00:00","close_date":"2024-03-13 23:00:00+00:00","open_rate":615.69,"close_rate":621.8469,"fee_open":0.0005,"fee_close":0.0005,"trade_duration":0,"profit_ratio":0.008990504756644977,"profit_abs":0.49843184,"exit_reason":"trailing_stop_loss","initial_stop_loss_abs":597.22,"initial_stop_loss_ratio":-0.03,"stop_loss_abs":628.34,"stop_loss_ratio":-0.01,"min_rate":614.51,"max_rate":634.68,"is_open":false,"enter_tag":"","leverage":1.0,"is_short":false,"open_timestamp":1710370800000,"close_timestamp":1710370800000,"orders":[{"amount":0.09,"safe_price":615.69,"ft_order_side":"buy","order_filled_timestamp":1710370800000,"ft_is_entry":true,"ft_order_tag":"","cost":55.43980605},{"amount":0.09,"safe_price":621.8469,"ft_order_side":"sell","order_filled_timestamp":1710370800000,"ft_is_entry":false,"ft_order_tag":"trailing_stop_loss","cost":55.99420411049999}],"funding_fees":0.0},{"pair":"BNB/USDT:USDT","stake_amount":56.7909,"max_stake_amount":56.7909,"amount":0.09,"open_date":"2024-03-14 00:00:00+00:00","close_date":"2024-03-14 03:00:00+00:00","open_rate":631.01,"close_rate":612.08,"fee_open":0.0005,"fee_close":0.0005,"trade_duration":180,"profit_ratio":-0.031325327882079534,"profit_abs":-1.77988306,"exit_reason":"stop_loss","initial_stop_loss_abs":612.08,"initial_stop_loss_ratio":-0.03,"stop_loss_abs":612.08,"stop_loss_ratio":-0.03,"min_rate":611.03,"max_rate":632.0,"is_open":false,"enter_tag":"","leverage":1.0,"is_short":false,"open_timestamp":1710374400000,"close_timestamp":1710385200000,"orders":[{"amount":0.09,"safe_price":631.01,"ft_order_side":"buy","order_filled_timestamp":1710374400000,"ft_is_entry":true,"ft_order_tag":"","cost":56.81929545},{"amount":0.09,"safe_price":612.08,"ft_order_side":"sell","order_filled_timestamp":1710385200000,"ft_is_entry":false,"ft_order_tag":"stop_loss","cost":55.1147436}],"funding_fees":-0.020244005028},{"pair":"BNB/USDT:USDT","stake_amount":55.4247,"max_stake_amount":55.4247,"amount":0.09,"open_date":"2024-03-14 04:00:00+00:00","close_date":"2024-03-14 13:00:00+00:00","open_rate":615.83,"close_rate":597.36,"fee_open":0.0005,"fee_close":0.0005,"trade_duration":540,"profit_ratio":-0.031395194658289736,"profit_abs":-1.74093928,"exit_reason":"stop_loss","initial_stop_loss_abs":597.36,"initial_stop_loss_ratio":-0.03,"stop_loss_abs":597.36,"stop_loss_ratio":-0.03,"min_rate":586.98,"max_rate":622.15,"is_open":false,"enter_tag":"","leverage":1.0,"is_short":false,"open_timestamp":1710388800000,"close_timestamp":1710421200000,"orders":[{"amount":0.09,"safe_price":615.83,"ft_order_side":"buy","order_filled_timestamp":1710388800000,"ft_is_entry":true,"ft_order_tag":"","cost":55.452412349999996},{"amount":0.09,"safe_price":597.36,"ft_order_side":"sell","order_filled_timestamp":1710421200000,"ft_is_entry":false,"ft_order_tag":"stop_loss","cost":53.7892812}],"funding_fees":-0.02404572971089687},{"pair":"BNB/USDT:USDT","stake_amount":59.393,"max_stake_amount":59.393,"amount":0.1,"open_date":"2024-03-14 14:00:00+00:00","close_date":"2024-03-14 19:00:00+00:00","open_rate":593.93,"close_rate":576.12,"fee_open":0.0005,"fee_close":0.0005,"trade_duration":300,"profit_ratio":-0.0315578570218536,"profit_abs":-1.87525296,"exit_reason":"stop_loss","initial_stop_loss_abs":576.12,"initial_stop_loss_ratio":-0.03,"stop_loss_abs":576.12,"stop_loss_ratio":-0.03,"min_rate":565.55,"max_rate":604.57,"is_open":false,"enter_tag":"","leverage":1.0,"is_short":false,"open_timestamp":1710424800000,"close_timestamp":1710442800000,"orders":[{"amount":0.1,"safe_price":593.93,"ft_order_side":"buy","order_filled_timestamp":1710424800000,"ft_is_entry":true,"ft_order_tag":"","cost":59.4226965},{"amount":0.1,"safe_price":576.12,"ft_order_side":"sell","order_filled_timestamp":1710442800000,"ft_is_entry":false,"ft_order_tag":"stop_loss","cost":57.640806}],"funding_fees":-0.0357504562350626},{"pair":"BNB/USDT:USDT","stake_amount":54.0378,"max_stake_amount":54.0378,"amount":0.09,"open_date":"2024-03-14 22:00:00+00:00","close_date":"2024-03-15 02:00:00+00:00","open_rate":600.42,"close_rate":582.41,"fee_open":0.0005,"fee_close":0.0005,"trade_duration":240,"profit_ratio":-0.031082383964112382,"profit_abs":-1.68046346,"exit_reason":"stop_loss","initial_stop_loss_abs":582.41,"initial_stop_loss_ratio":-0.03,"stop_loss_abs":582.41,"stop_loss_ratio":-0.03,"min_rate":570.56,"max_rate":612.99,"is_open":false,"enter_tag":"","leverage":1.0,"is_short":false,"open_timestamp":1710453600000,"close_timestamp":1710468000000,"orders":[{"amount":0.09,"safe_price":600.42,"ft_order_side":"buy","order_filled_timestamp":1710453600000,"ft_is_entry":true,"ft_order_tag":"","cost":54.06481889999999},{"amount":0.09,"safe_price":582.41,"ft_order_side":"sell","order_filled_timestamp":1710468000000,"ft_is_entry":false,"ft_order_tag":"stop_loss","cost":52.44310845}],"funding_fees":-0.0063361054253323265},{"pair":"BNB/USDT:USDT","stake_amount":58.475,"max_stake_amount":58.475,"amount":0.1,"open_date":"2024-03-15 03:00:00+00:00","close_date":"2024-03-15 03:00:00+00:00","open_rate":584.75,"close_rate":567.21,"fee_open":0.0005,"fee_close":0.0005,"trade_duration":0,"profit_ratio":-0.030965244184235373,"profit_abs":-1.811598,"exit_reason":"stop_loss","initial_stop_loss_abs":567.21,"initial_stop_loss_ratio":-0.03,"stop_loss_abs":567.21,"stop_loss_ratio":-0.03,"min_rate":565.0,"max_rate":588.12,"is_open":false,"enter_tag":"","leverage":1.0,"is_short":false,"open_timestamp":1710471600000,"close_timestamp":1710471600000,"orders":[{"amount":0.1,"safe_price":584.75,"ft_order_side":"buy","order_filled_timestamp":1710471600000,"ft_is_entry":true,"ft_order_tag":"","cost":58.504237499999995},{"amount":0.1,"safe_price":567.21,"ft_order_side":"sell","order_filled_timestamp":1710471600000,"ft_is_entry":false,"ft_order_tag":"stop_loss","cost":56.7493605}],"funding_fees":0.0},{"pair":"BNB/USDT:USDT","stake_amount":55.1934,"max_stake_amount":55.1934,"amount":0.09,"open_date":"2024-03-15 19:00:00+00:00","close_date":"2024-03-15 19:00:00+00:00","open_rate":613.26,"close_rate":594.87,"fee_open":0.0005,"fee_close":0.0005,"trade_duration":0,"profit_ratio":-0.030956809042890745,"profit_abs":-1.70946585,"exit_reason":"stop_loss","initial_stop_loss_abs":594.87,"initial_stop_loss_ratio":-0.03,"stop_loss_abs":594.87,"stop_loss_ratio":-0.03,"min_rate":592.9,"max_rate":614.39,"is_open":false,"enter_tag":"","leverage":1.0,"is_short":false,"open_timestamp":1710529200000,"close_timestamp":1710529200000,"orders":[{"amount":0.09,"safe_price":613.26,"ft_order_side":"buy","order_filled_timestamp":1710529200000,"ft_is_entry":true,"ft_order_tag":"","cost":55.22099669999999},{"amount":0.09,"safe_price":594.87,"ft_order_side":"sell","order_filled_timestamp":1710529200000,"ft_is_entry":false,"ft_order_tag":"stop_loss","cost":53.56506915}],"funding_fees":0.0},{"pair":"BNB/USDT:USDT","stake_amount":53.7696,"max_stake_amount":53.7696,"amount":0.09,"open_date":"2024-03-15 20:00:00+00:00","close_date":"2024-03-15 22:00:00+00:00","open_rate":597.44,"close_rate":605.56,"fee_open":0.0005,"fee_close":0.0005,"trade_duration":120,"profit_ratio":0.012578238197451888,"profit_abs":0.676665,"exit_reason":"trailing_stop_loss","initial_stop_loss_abs":579.52,"initial_stop_loss_ratio":-0.03,"stop_loss_abs":605.56,"stop_loss_ratio":-0.01,"min_rate":582.1,"max_rate":611.67,"is_open":false,"enter_tag":"","leverage":1.0,"is_short":false,"open_timestamp":1710532800000,"close_timestamp":1710540000000,"orders":[{"amount":0.09,"safe_price":597.44,"ft_order_side":"buy","order_filled_timestamp":1710532800000,"ft_is_entry":true,"ft_order_tag":"","cost":53.7964848},{"amount":0.09,"safe_price":605.56,"ft_order_side":"sell","order_filled_timestamp":1710540000000,"ft_is_entry":false,"ft_order_tag":"trailing_stop_loss","cost":54.52765019999999}],"funding_fees":0.0},{"pair":"BNB/USDT:USDT","stake_amount":55.0296,"max_stake_amount":55.0296,"amount":0.09,"open_date":"2024-03-15 23:00:00+00:00","close_date":"2024-03-15 23:00:00+00:00","open_rate":611.44,"close_rate":617.5544000000001,"fee_open":0.0005,"fee_close":0.0005,"trade_duration":0,"profit_ratio":0.008990504711300274,"profit_abs":0.49499125,"exit_reason":"trailing_stop_loss","initial_stop_loss_abs":593.1,"initial_stop_loss_ratio":-0.03,"stop_loss_abs":629.76,"stop_loss_ratio":-0.01,"min_rate":604.12,"max_rate":636.12,"is_open":false,"enter_tag":"","leverage":1.0,"is_short":false,"open_timestamp":1710543600000,"close_timestamp":1710543600000,"orders":[{"amount":0.09,"safe_price":611.44,"ft_order_side":"buy","order_filled_timestamp":1710543600000,"ft_is_entry":true,"ft_order_tag":"","cost":55.0571148},{"amount":0.09,"safe_price":617.5544000000001,"ft_order_side":"sell","order_filled_timestamp":1710543600000,"ft_is_entry":false,"ft_order_tag":"trailing_stop_loss","cost":55.607685948000004}],"funding_fees":0.0},{"pair":"BNB/USDT:USDT","stake_amount":56.9718,"max_stake_amount":56.9718,"amount":0.09,"open_date":"2024-03-16 00:00:00+00:00","close_date":"2024-03-16 01:00:00+00:00","open_rate":633.02,"close_rate":614.03,"fee_open":0.0005,"fee_close":0.0005,"trade_duration":60,"profit_ratio":-0.031106451695885263,"profit_abs":-1.77307664,"exit_reason":"stop_loss","initial_stop_loss_abs":614.03,"initial_stop_loss_ratio":-0.03,"stop_loss_abs":614.03,"stop_loss_ratio":-0.03,"min_rate":612.13,"max_rate":646.09,"is_open":false,"enter_tag":"","leverage":1.0,"is_short":false,"open_timestamp":1710547200000,"close_timestamp":1710550800000,"orders":[{"amount":0.09,"safe_price":633.02,"ft_order_side":"buy","order_filled_timestamp":1710547200000,"ft_is_entry":true,"ft_order_tag":"","cost":57.000285899999994},{"amount":0.09,"safe_price":614.03,"ft_order_side":"sell","order_filled_timestamp":1710550800000,"ft_is_entry":false,"ft_order_tag":"stop_loss","cost":55.290331349999995}],"funding_fees":-0.007859393684999999},{"pair":"BNB/USDT:USDT","stake_amount":55.4427,"max_stake_amount":55.4427,"amount":0.09,"open_date":"2024-03-16 02:00:00+00:00","close_date":"2024-03-16 13:00:00+00:00","open_rate":616.03,"close_rate":597.55,"fee_open":0.0005,"fee_close":0.0005,"trade_duration":660,"profit_ratio":-0.031212928942354244,"profit_abs":-1.73139432,"exit_reason":"stop_loss","initial_stop_loss_abs":597.55,"initial_stop_loss_ratio":-0.03,"stop_loss_abs":597.55,"stop_loss_ratio":-0.03,"min_rate":592.27,"max_rate":624.86,"is_open":false,"enter_tag":"","leverage":1.0,"is_short":false,"open_timestamp":1710554400000,"close_timestamp":1710594000000,"orders":[{"amount":0.09,"safe_price":616.03,"ft_order_side":"buy","order_filled_timestamp":1710554400000,"ft_is_entry":true,"ft_order_tag":"","cost":55.470421349999995},{"amount":0.09,"safe_price":597.55,"ft_order_side":"sell","order_filled_timestamp":1710594000000,"ft_is_entry":false,"ft_order_tag":"stop_loss","cost":53.80638974999999}],"funding_fees":-0.013583216997000002},{"pair":"BNB/USDT:USDT","stake_amount":52.911,"max_stake_amount":52.911,"amount":0.1,"open_date":"2024-03-20 14:00:00+00:00","close_date":"2024-03-20 16:00:00+00:00","open_rate":529.11,"close_rate":513.24,"fee_open":0.0005,"fee_close":0.0005,"trade_duration":120,"profit_ratio":-0.031056860486994884,"profit_abs":-1.64407117,"exit_reason":"stop_loss","initial_stop_loss_abs":513.24,"initial_stop_loss_ratio":-0.03,"stop_loss_abs":513.24,"stop_loss_ratio":-0.03,"min_rate":505.0,"max_rate":531.4,"is_open":false,"enter_tag":"","leverage":1.0,"is_short":false,"open_timestamp":1710943200000,"close_timestamp":1710950400000,"orders":[{"amount":0.1,"safe_price":529.11,"ft_order_side":"buy","order_filled_timestamp":1710943200000,"ft_is_entry":true,"ft_order_tag":"","cost":52.9374555},{"amount":0.1,"safe_price":513.24,"ft_order_side":"sell","order_filled_timestamp":1710950400000,"ft_is_entry":false,"ft_order_tag":"stop_loss","cost":51.349662}],"funding_fees":-0.004953669984905401},{"pair":"BNB/USDT:USDT","stake_amount":55.7,"max_stake_amount":55.7,"amount":0.1,"open_date":"2024-03-21 00:00:00+00:00","close_date":"2024-03-21 10:00:00+00:00","open_rate":557.0,"close_rate":565.88,"fee_open":0.0005,"fee_close":0.0005,"trade_duration":600,"profit_ratio":0.01477210855972373,"profit_abs":0.82321785,"exit_reason":"trailing_stop_loss","initial_stop_loss_abs":540.29,"initial_stop_loss_ratio":-0.03,"stop_loss_abs":565.88,"stop_loss_ratio":-0.01,"min_rate":541.11,"max_rate":571.59,"is_open":false,"enter_tag":"","leverage":1.0,"is_short":false,"open_timestamp":1710979200000,"close_timestamp":1711015200000,"orders":[{"amount":0.1,"safe_price":557.0,"ft_order_side":"buy","order_filled_timestamp":1710979200000,"ft_is_entry":true,"ft_order_tag":"","cost":55.72785},{"amount":0.1,"safe_price":565.88,"ft_order_side":"sell","order_filled_timestamp":1711015200000,"ft_is_entry":false,"ft_order_tag":"trailing_stop_loss","cost":56.616293999999996}],"funding_fees":-0.008638151864505322},{"pair":"BNB/USDT:USDT","stake_amount":56.801,"max_stake_amount":56.801,"amount":0.1,"open_date":"2024-03-21 11:00:00+00:00","close_date":"2024-03-21 18:00:00+00:00","open_rate":568.01,"close_rate":550.97,"fee_open":0.0005,"fee_close":0.0005,"trade_duration":420,"profit_ratio":-0.030968987610559082,"profit_abs":-1.759949,"exit_reason":"stop_loss","initial_stop_loss_abs":550.97,"initial_stop_loss_ratio":-0.03,"stop_loss_abs":550.97,"stop_loss_ratio":-0.03,"min_rate":544.51,"max_rate":568.8,"is_open":false,"enter_tag":"","leverage":1.0,"is_short":false,"open_timestamp":1711018800000,"close_timestamp":1711044000000,"orders":[{"amount":0.1,"safe_price":568.01,"ft_order_side":"buy","order_filled_timestamp":1711018800000,"ft_is_entry":true,"ft_order_tag":"","cost":56.8294005},{"amount":0.1,"safe_price":550.97,"ft_order_side":"sell","order_filled_timestamp":1711044000000,"ft_is_entry":false,"ft_order_tag":"stop_loss","cost":55.1245485}],"funding_fees":0.0},{"pair":"BNB/USDT:USDT","stake_amount":54.812,"max_stake_amount":54.812,"amount":0.1,"open_date":"2024-03-21 19:00:00+00:00","close_date":"2024-03-22 00:00:00+00:00","open_rate":548.12,"close_rate":559.33,"fee_open":0.0005,"fee_close":0.0005,"trade_duration":300,"profit_ratio":0.019256088951802287,"profit_abs":1.05599248,"exit_reason":"trailing_stop_loss","initial_stop_loss_abs":531.68,"initial_stop_loss_ratio":-0.03,"stop_loss_abs":559.33,"stop_loss_ratio":-0.01,"min_rate":546.74,"max_rate":564.97,"is_open":false,"enter_tag":"","leverage":1.0,"is_short":false,"open_timestamp":1711047600000,"close_timestamp":1711065600000,"orders":[{"amount":0.1,"safe_price":548.12,"ft_order_side":"buy","order_filled_timestamp":1711047600000,"ft_is_entry":true,"ft_order_tag":"","cost":54.839406000000004},{"amount":0.1,"safe_price":559.33,"ft_order_side":"sell","order_filled_timestamp":1711065600000,"ft_is_entry":false,"ft_order_tag":"trailing_stop_loss","cost":55.960966500000005}],"funding_fees":-0.009635019425027641},{"pair":"BNB/USDT:USDT","stake_amount":56.227,"max_stake_amount":56.227,"amount":0.1,"open_date":"2024-03-22 02:00:00+00:00","close_date":"2024-03-22 03:00:00+00:00","open_rate":562.27,"close_rate":572.57,"fee_open":0.0005,"fee_close":0.0005,"trade_duration":60,"profit_ratio":0.01730079168714147,"profit_abs":0.973258,"exit_reason":"trailing_stop_loss","initial_stop_loss_abs":545.41,"initial_stop_loss_ratio":-0.03,"stop_loss_abs":572.57,"stop_loss_ratio":-0.01,"min_rate":562.26,"max_rate":578.35,"is_open":false,"enter_tag":"","leverage":1.0,"is_short":false,"open_timestamp":1711072800000,"close_timestamp":1711076400000,"orders":[{"amount":0.1,"safe_price":562.27,"ft_order_side":"buy","order_filled_timestamp":1711072800000,"ft_is_entry":true,"ft_order_tag":"","cost":56.2551135},{"amount":0.1,"safe_price":572.57,"ft_order_side":"sell","order_filled_timestamp":1711076400000,"ft_is_entry":false,"ft_order_tag":"trailing_stop_loss","cost":57.2856285}],"funding_fees":0.0},{"pair":"BNB/USDT:USDT","stake_amount":51.8355,"max_stake_amount":51.8355,"amount":0.09,"open_date":"2024-03-22 04:00:00+00:00","close_date":"2024-03-22 13:00:00+00:00","open_rate":575.95,"close_rate":558.68,"fee_open":0.0005,"fee_close":0.0005,"trade_duration":540,"profit_ratio":-0.031024092086260023,"profit_abs":-1.6089534,"exit_reason":"stop_loss","initial_stop_loss_abs":558.68,"initial_stop_loss_ratio":-0.03,"stop_loss_abs":558.68,"stop_loss_ratio":-0.03,"min_rate":551.26,"max_rate":587.86,"is_open":false,"enter_tag":"","leverage":1.0,"is_short":false,"open_timestamp":1711080000000,"close_timestamp":1711112400000,"orders":[{"amount":0.09,"safe_price":575.95,"ft_order_side":"buy","order_filled_timestamp":1711080000000,"ft_is_entry":true,"ft_order_tag":"","cost":51.86141775},{"amount":0.09,"safe_price":558.68,"ft_order_side":"sell","order_filled_timestamp":1711112400000,"ft_is_entry":false,"ft_order_tag":"stop_loss","cost":50.30634059999999}],"funding_fees":-0.0035950475806850067},{"pair":"BNB/USDT:USDT","stake_amount":55.312,"max_stake_amount":55.312,"amount":0.1,"open_date":"2024-03-22 14:00:00+00:00","close_date":"2024-03-22 21:00:00+00:00","open_rate":553.12,"close_rate":536.53,"fee_open":0.0005,"fee_close":0.0005,"trade_duration":420,"profit_ratio":-0.03110480755427898,"profit_abs":-1.72132935,"exit_reason":"stop_loss","initial_stop_loss_abs":536.53,"initial_stop_loss_ratio":-0.03,"stop_loss_abs":536.53,"stop_loss_ratio":-0.03,"min_rate":534.5,"max_rate":562.87,"is_open":false,"enter_tag":"","leverage":1.0,"is_short":false,"open_timestamp":1711116000000,"close_timestamp":1711141200000,"orders":[{"amount":0.1,"safe_price":553.12,"ft_order_side":"buy","order_filled_timestamp":1711116000000,"ft_is_entry":true,"ft_order_tag":"","cost":55.339656000000005},{"amount":0.1,"safe_price":536.53,"ft_order_side":"sell","order_filled_timestamp":1711141200000,"ft_is_entry":false,"ft_order_tag":"stop_loss","cost":53.6798265}],"funding_fees":-0.007846852254307661},{"pair":"BNB/USDT:USDT","stake_amount":52.3566,"max_stake_amount":52.3566,"amount":0.09,"open_date":"2024-03-25 04:00:00+00:00","close_date":"2024-03-25 15:00:00+00:00","open_rate":581.74,"close_rate":589.84,"fee_open":0.0005,"fee_close":0.0005,"trade_duration":660,"profit_ratio":0.012659565061672188,"profit_abs":0.66314319,"exit_reason":"trailing_stop_loss","initial_stop_loss_abs":564.29,"initial_stop_loss_ratio":-0.03,"stop_loss_abs":589.84,"stop_loss_ratio":-0.01,"min_rate":574.63,"max_rate":595.79,"is_open":false,"enter_tag":"","leverage":1.0,"is_short":false,"open_timestamp":1711339200000,"close_timestamp":1711378800000,"orders":[{"amount":0.09,"safe_price":581.74,"ft_order_side":"buy","order_filled_timestamp":1711339200000,"ft_is_entry":true,"ft_order_tag":"","cost":52.3827783},{"amount":0.09,"safe_price":589.84,"ft_order_side":"sell","order_filled_timestamp":1711378800000,"ft_is_entry":false,"ft_order_tag":"trailing_stop_loss","cost":53.112142799999994}],"funding_fees":-0.013135710474},{"pair":"BNB/USDT:USDT","stake_amount":53.406,"max_stake_amount":53.406,"amount":0.09,"open_date":"2024-03-25 16:00:00+00:00","close_date":"2024-03-26 14:00:00+00:00","open_rate":593.4,"close_rate":575.6,"fee_open":0.0005,"fee_close":0.0005,"trade_duration":1320,"profit_ratio":-0.031884476628479756,"profit_abs":-1.70367377,"exit_reason":"stop_loss","initial_stop_loss_abs":575.6,"initial_stop_loss_ratio":-0.03,"stop_loss_abs":575.6,"stop_loss_ratio":-0.03,"min_rate":572.0,"max_rate":598.59,"is_open":false,"enter_tag":"","leverage":1.0,"is_short":false,"open_timestamp":1711382400000,"close_timestamp":1711461600000,"orders":[{"amount":0.09,"safe_price":593.4,"ft_order_side":"buy","order_filled_timestamp":1711382400000,"ft_is_entry":true,"ft_order_tag":"","cost":53.432703},{"amount":0.09,"safe_price":575.6,"ft_order_side":"sell","order_filled_timestamp":1711461600000,"ft_is_entry":false,"ft_order_tag":"stop_loss","cost":51.829902}],"funding_fees":-0.049068768630650475},{"pair":"BNB/USDT:USDT","stake_amount":52.2792,"max_stake_amount":52.2792,"amount":0.09,"open_date":"2024-03-26 15:00:00+00:00","close_date":"2024-03-27 14:00:00+00:00","open_rate":580.88,"close_rate":563.46,"fee_open":0.0005,"fee_close":0.0005,"trade_duration":1380,"profit_ratio":-0.03203192987203165,"profit_abs":-1.67544097,"exit_reason":"stop_loss","initial_stop_loss_abs":563.46,"initial_stop_loss_ratio":-0.03,"stop_loss_abs":563.46,"stop_loss_ratio":-0.03,"min_rate":562.7,"max_rate":586.28,"is_open":false,"enter_tag":"","leverage":1.0,"is_short":false,"open_timestamp":1711465200000,"close_timestamp":1711548000000,"orders":[{"amount":0.09,"safe_price":580.88,"ft_order_side":"buy","order_filled_timestamp":1711465200000,"ft_is_entry":true,"ft_order_tag":"","cost":52.305339599999996},{"amount":0.09,"safe_price":563.46,"ft_order_side":"sell","order_filled_timestamp":1711548000000,"ft_is_entry":false,"ft_order_tag":"stop_loss","cost":50.7367557}],"funding_fees":-0.056145667622443406}],"locks":[],"best_pair":{"key":"BNB/USDT:USDT","trades":40,"profit_mean":-0.006920025361932318,"profit_mean_pct":-0.69,"profit_sum":-0.2768010144772927,"profit_sum_pct":-27.68,"profit_total_abs":-15.29821732,"profit_total":-0.05099405773333333,"profit_total_pct":-5.1,"duration_avg":"6:03:00","wins":21,"draws":0,"losses":19,"winrate":0.525,"cagr":-0.0609088159689275,"expectancy":-0.3824554329999999,"expectancy_ratio":-0.21806116446084722,"sortino":-13.465784845292978,"sharpe":-0.7210616339149949,"calmar":-4.874464798898533,"sqn":-1.7913,"profit_factor":0.5409238642929531,"max_drawdown_account":0.06574541657188203,"max_drawdown_abs":20.035050010000003},"worst_pair":{"key":"BNB/USDT:USDT","trades":40,"profit_mean":-0.006920025361932318,"profit_mean_pct":-0.69,"profit_sum":-0.2768010144772927,"profit_sum_pct":-27.68,"profit_total_abs":-15.29821732,"profit_total":-0.05099405773333333,"profit_total_pct":-5.1,"duration_avg":"6:03:00","wins":21,"draws":0,"losses":19,"winrate":0.525,"cagr":-0.0609088159689275,"expectancy":-0.3824554329999999,"expectancy_ratio":-0.21806116446084722,"sortino":-13.465784845292978,"sharpe":-0.7210616339149949,"calmar":-4.874464798898533,"sqn":-1.7913,"profit_factor":0.5409238642929531,"max_drawdown_account":0.06574541657188203,"max_drawdown_abs":20.035050010000003},"results_per_pair":[{"key":"BNB/USDT:USDT","trades":40,"profit_mean":-0.006920025361932318,"profit_mean_pct":-0.69,"profit_sum":-0.2768010144772927,"profit_sum_pct":-27.68,"profit_total_abs":-15.29821732,"profit_total":-0.05099405773333333,"profit_total_pct":-5.1,"duration_avg":"6:03:00","wins":21,"draws":0,"losses":19,"winrate":0.525,"cagr":-0.0609088159689275,"expectancy":-0.3824554329999999,"expectancy_ratio":-0.21806116446084722,"sortino":-13.465784845292978,"sharpe":-0.7210616339149949,"calmar":-4.874464798898533,"sqn":-1.7913,"profit_factor":0.5409238642929531,"max_drawdown_account":0.06574541657188203,"max_drawdown_abs":20.035050010000003},{"key":"TOTAL","trades":40,"profit_mean":-0.006920025361932318,"profit_mean_pct":-0.69,"profit_sum":-0.2768010144772927,"profit_sum_pct":-27.68,"profit_total_abs":-15.29821732,"profit_total":-0.05099405773333333,"profit_total_pct":-5.1,"duration_avg":"6:03:00","wins":21,"draws":0,"losses":19,"winrate":0.525,"cagr":-0.0609088159689275,"expectancy":-0.3824554329999999,"expectancy_ratio":-0.21806116446084722,"sortino":-13.465784845292978,"sharpe":-0.7210616339149949,"calmar":-4.874464798898533,"sqn":-1.7913,"profit_factor":0.5409238642929531,"max_drawdown_account":0.06574541657188203,"max_drawdown_abs":20.035050010000003}],"results_per_enter_tag":[{"key":"","trades":40,"profit_mean":-0.006920025361932318,"profit_mean_pct":-0.69,"profit_sum":-0.2768010144772927,"profit_sum_pct":-27.68,"profit_total_abs":-15.29821732,"profit_total":-0.05099405773333333,"profit_total_pct":-5.1,"duration_avg":"6:03:00","wins":21,"draws":0,"losses":19,"winrate":0.525,"cagr":-0.0609088159689275,"expectancy":-0.3824554329999999,"expectancy_ratio":-0.21806116446084722,"sortino":-13.465784845292978,"sharpe":-0.7210616339149949,"calmar":-4.874464798898533,"sqn":-1.7913,"profit_factor":0.5409238642929531,"max_drawdown_account":0.06574541657188203,"max_drawdown_abs":20.035050010000003},{"key":"TOTAL","trades":40,"profit_mean":-0.006920025361932318,"profit_mean_pct":-0.69,"profit_sum":-0.2768010144772927,"profit_sum_pct":-27.68,"profit_total_abs":-15.29821732,"profit_total":-0.05099405773333333,"profit_total_pct":-5.1,"duration_avg":"6:03:00","wins":21,"draws":0,"losses":19,"winrate":0.525,"cagr":-0.0609088159689275,"expectancy":-0.3824554329999999,"expectancy_ratio":-0.21806116446084722,"sortino":-13.465784845292978,"sharpe":-0.7210616339149949,"calmar":-4.874464798898533,"sqn":-1.7913,"profit_factor":0.5409238642929531,"max_drawdown_account":0.06574541657188203,"max_drawdown_abs":20.035050010000003}],"exit_reason_summary":[{"key":"trailing_stop_loss","trades":21,"profit_mean":0.015080122936388893,"profit_mean_pct":1.51,"profit_sum":0.31668258166416674,"profit_sum_pct":31.67,"profit_total_abs":18.02570464,"profit_total":0.06008568213333334,"profit_total_pct":6.01,"duration_avg":"5:29:00","wins":21,"draws":0,"losses":0,"winrate":1.0,"cagr":0.07257046624591146,"expectancy":0.8583668876190477,"expectancy_ratio":100.0,"sortino":-100,"sharpe":3.0241248283475035,"calmar":-100,"sqn":10.2476,"profit_factor":0.0,"max_drawdown_account":0.0,"max_drawdown_abs":0.0},{"key":"stop_loss","trades":19,"profit_mean":-0.031235978744287338,"profit_mean_pct":-3.12,"profit_sum":-0.5934835961414594,"profit_sum_pct":-59.35,"profit_total_abs":-33.32392196,"profit_total":-0.11107973986666667,"profit_total_pct":-11.11,"duration_avg":"6:41:00","wins":0,"draws":0,"losses":19,"winrate":0.0,"cagr":-0.13183610061954343,"expectancy":-1.7538906294736842,"expectancy_ratio":-1.0,"sortino":-29.33235643920725,"sharpe":-29.33235643920725,"calmar":-6.284530649520656,"sqn":-104.2214,"profit_factor":0.0,"max_drawdown_account":0.1110797398666667,"max_drawdown_abs":33.32392196},{"key":"TOTAL","trades":40,"profit_mean":-0.006920025361932318,"profit_mean_pct":-0.69,"profit_sum":-0.2768010144772927,"profit_sum_pct":-27.68,"profit_total_abs":-15.29821732,"profit_total":-0.05099405773333333,"profit_total_pct":-5.1,"duration_avg":"6:03:00","wins":21,"draws":0,"losses":19,"winrate":0.525,"cagr":-0.0609088159689275,"expectancy":-0.3824554329999999,"expectancy_ratio":-0.21806116446084722,"sortino":-13.465784845292978,"sharpe":-0.7210616339149949,"calmar":-4.874464798898533,"sqn":-1.7913,"profit_factor":0.5409238642929531,"max_drawdown_account":0.06574541657188203,"max_drawdown_abs":20.035050010000003}],"mix_tag_stats":[{"key":["","trailing_stop_loss"],"trades":21,"profit_mean":0.015080122936388893,"profit_mean_pct":1.51,"profit_sum":0.31668258166416674,"profit_sum_pct":31.67,"profit_total_abs":18.02570464,"profit_total":0.06008568213333334,"profit_total_pct":6.01,"duration_avg":"5:29:00","wins":21,"draws":0,"losses":0,"winrate":1.0,"cagr":0.07257046624591146,"expectancy":0.8583668876190477,"expectancy_ratio":100.0,"sortino":-100,"sharpe":3.0241248283475035,"calmar":-100,"sqn":10.2476,"profit_factor":0.0,"max_drawdown_account":0.0,"max_drawdown_abs":0.0},{"key":["","stop_loss"],"trades":19,"profit_mean":-0.031235978744287338,"profit_mean_pct":-3.12,"profit_sum":-0.5934835961414594,"profit_sum_pct":-59.35,"profit_total_abs":-33.32392196,"profit_total":-0.11107973986666667,"profit_total_pct":-11.11,"duration_avg":"6:41:00","wins":0,"draws":0,"losses":19,"winrate":0.0,"cagr":-0.13183610061954343,"expectancy":-1.7538906294736842,"expectancy_ratio":-1.0,"sortino":-29.33235643920725,"sharpe":-29.33235643920725,"calmar":-6.284530649520656,"sqn":-104.2214,"profit_factor":0.0,"max_drawdown_account":0.1110797398666667,"max_drawdown_abs":33.32392196},{"key":"TOTAL","trades":40,"profit_mean":-0.006920025361932318,"profit_mean_pct":-0.69,"profit_sum":-0.2768010144772927,"profit_sum_pct":-27.68,"profit_total_abs":-15.29821732,"profit_total":-0.05099405773333333,"profit_total_pct":-5.1,"duration_avg":"6:03:00","wins":21,"draws":0,"losses":19,"winrate":0.525,"cagr":-0.0609088159689275,"expectancy":-0.3824554329999999,"expectancy_ratio":-0.21806116446084722,"sortino":-13.465784845292978,"sharpe":-0.7210616339149949,"calmar":-4.874464798898533,"sqn":-1.7913,"profit_factor":0.5409238642929531,"max_drawdown_account":0.06574541657188203,"max_drawdown_abs":20.035050010000003}],"left_open_trades":[{"key":"TOTAL","trades":0,"profit_mean":0.0,"profit_mean_pct":0.0,"profit_sum":0.0,"profit_sum_pct":0.0,"profit_total_abs":0.0,"profit_total":0.0,"profit_total_pct":0.0,"duration_avg":"0:00","wins":0,"draws":0,"losses":0,"winrate":0.0,"cagr":0.0,"expectancy":0.0,"expectancy_ratio":100.0,"sortino":0,"sharpe":0,"calmar":0,"sqn":0.0,"profit_factor":0.0,"max_drawdown_account":0.0,"max_drawdown_abs":0.0}],"total_trades":40,"trade_count_long":40,"trade_count_short":0,"total_volume":4502.335367662501,"avg_stake_amount":56.40998,"profit_mean":-0.006920025361932318,"profit_median":0.008990504699200132,"profit_total":-0.05099405773333333,"profit_total_long":-0.05099405773333333,"profit_total_short":0.0,"profit_total_abs":-15.29821732,"profit_total_long_abs":-15.29821732,"profit_total_short_abs":0.0,"cagr":-0.0609088159689275,"expectancy":-0.3824554329999999,"expectancy_ratio":-0.21806116446084722,"sortino":-13.465784845292978,"sharpe":-0.7210616339149949,"calmar":-4.874464798898533,"sqn":-1.7913,"profit_factor":0.5409238642929531,"backtest_start":"2024-02-01 00:00:00","backtest_start_ts":1706745600000,"backtest_end":"2024-12-01 00:00:00","backtest_end_ts":1733011200000,"backtest_days":304,"backtest_run_start_ts":1765277681,"backtest_run_end_ts":1765277708,"trades_per_day":0.13,"market_change":1.1675314308521254,"pairlist":["BNB/USDT:USDT"],"stake_amount":"unlimited","stake_currency":"USDT","stake_currency_decimals":3,"starting_balance":300,"dry_run_wallet":300,"final_balance":284.70178268,"rejected_signals":0,"timedout_entry_orders":0,"timedout_exit_orders":0,"canceled_trade_entries":0,"canceled_entry_orders":0,"replaced_entry_orders":0,"max_open_trades":1,"max_open_trades_setting":5,"timeframe":"1h","timeframe_detail":"","timerange":"20240201-20241201","enable_protections":false,"strategy_name":"FreqAIStrategy","stoploss":-0.03,"trailing_stop":true,"trailing_stop_positive":0.01,"trailing_stop_positive_offset":0.02,"trailing_only_offset_is_reached":true,"use_custom_stoploss":false,"minimal_roi":{},"use_exit_signal":true,"exit_profit_only":false,"exit_profit_offset":0.0,"ignore_roi_if_entry_signal":false,"trading_mode":"futures","margin_mode":"isolated","periodic_breakdown":{"day":[{"date":"07/03/2024","date_ts":1709769600000,"profit_abs":1.39383527,"wins":2,"draws":0,"losses":0,"trades":2,"profit_factor":0.0},{"date":"08/03/2024","date_ts":1709856000000,"profit_abs":-0.04031054,"wins":2,"draws":0,"losses":1,"trades":3,"profit_factor":0.97741421},{"date":"09/03/2024","date_ts":1709942400000,"profit_abs":0.58745937,"wins":1,"draws":0,"losses":0,"trades":1,"profit_factor":0.0},{"date":"10/03/2024","date_ts":1710028800000,"profit_abs":0.96667839,"wins":4,"draws":0,"losses":1,"trades":5,"profit_factor":1.52847919},{"date":"11/03/2024","date_ts":1710115200000,"profit_abs":-2.47867945,"wins":1,"draws":0,"losses":2,"trades":3,"profit_factor":0.31633505},{"date":"12/03/2024","date_ts":1710201600000,"profit_abs":0.93935659,"wins":2,"draws":0,"losses":1,"trades":3,"profit_factor":1.50262275},{"date":"13/03/2024","date_ts":1710288000000,"profit_abs":2.86166651,"wins":3,"draws":0,"losses":0,"trades":3,"profit_factor":0.0},{"date":"14/03/2024","date_ts":1710374400000,"profit_abs":-5.3960753,"wins":0,"draws":0,"losses":3,"trades":3,"profit_factor":0.0},{"date":"15/03/2024","date_ts":1710460800000,"profit_abs":-4.02987106,"wins":2,"draws":0,"losses":3,"trades":5,"profit_factor":0.22525235},{"date":"16/03/2024","date_ts":1710547200000,"profit_abs":-3.50447096,"wins":0,"draws":0,"losses":2,"trades":2,"profit_factor":0.0},{"date":"17/03/2024","date_ts":1710633600000,"profit_abs":0.0,"wins":0,"draws":0,"losses":0,"trades":0,"profit_factor":0.0},{"date":"18/03/2024","date_ts":1710720000000,"profit_abs":0.0,"wins":0,"draws":0,"losses":0,"trades":0,"profit_factor":0.0},{"date":"19/03/2024","date_ts":1710806400000,"profit_abs":0.0,"wins":0,"draws":0,"losses":0,"trades":0,"profit_factor":0.0},{"date":"20/03/2024","date_ts":1710892800000,"profit_abs":-1.64407117,"wins":0,"draws":0,"losses":1,"trades":1,"profit_factor":0.0},{"date":"21/03/2024","date_ts":1710979200000,"profit_abs":-0.93673115,"wins":1,"draws":0,"losses":1,"trades":2,"profit_factor":0.46775097},{"date":"22/03/2024","date_ts":1711065600000,"profit_abs":-1.30103227,"wins":2,"draws":0,"losses":2,"trades":4,"profit_factor":0.60933279},{"date":"23/03/2024","date_ts":1711152000000,"profit_abs":0.0,"wins":0,"draws":0,"losses":0,"trades":0,"profit_factor":0.0},{"date":"24/03/2024","date_ts":1711238400000,"profit_abs":0.0,"wins":0,"draws":0,"losses":0,"trades":0,"profit_factor":0.0},{"date":"25/03/2024","date_ts":1711324800000,"profit_abs":0.66314319,"wins":1,"draws":0,"losses":0,"trades":1,"profit_factor":0.0},{"date":"26/03/2024","date_ts":1711411200000,"profit_abs":-1.70367377,"wins":0,"draws":0,"losses":1,"trades":1,"profit_factor":0.0},{"date":"27/03/2024","date_ts":1711497600000,"profit_abs":-1.67544097,"wins":0,"draws":0,"losses":1,"trades":1,"profit_factor":0.0}],"week":[{"date":"11/03/2024","date_ts":1710115200000,"profit_abs":0.42898304,"wins":10,"draws":0,"losses":4,"trades":14,"profit_factor":1.05925572},{"date":"18/03/2024","date_ts":1710720000000,"profit_abs":-9.12939422,"wins":7,"draws":0,"losses":9,"trades":16,"profit_factor":0.4283762},{"date":"25/03/2024","date_ts":1711324800000,"profit_abs":-3.2186914,"wins":4,"draws":0,"losses":4,"trades":8,"profit_factor":0.52204535},{"date":"01/04/2024","date_ts":1711929600000,"profit_abs":-3.37911474,"wins":0,"draws":0,"losses":2,"trades":2,"profit_factor":0.0}],"month":[{"date":"31/03/2024","date_ts":1711843200000,"profit_abs":-15.29821732,"wins":21,"draws":0,"losses":19,"trades":40,"profit_factor":0.54092386}],"year":[{"date":"31/12/2024","date_ts":1735603200000,"profit_abs":-15.29821732,"wins":21,"draws":0,"losses":19,"trades":40,"profit_factor":0.54092386}]},"backtest_best_day":0.048896082786123486,"backtest_worst_day":-0.09427837956222287,"backtest_best_day_abs":2.86166651,"backtest_worst_day_abs":-5.3960753,"winning_days":6,"draw_days":5,"losing_days":10,"daily_profit":[["2024-03-07",1.39383527],["2024-03-08",-0.04031054],["2024-03-09",0.58745937],["2024-03-10",0.96667839],["2024-03-11",-2.47867945],["2024-03-12",0.93935659],["2024-03-13",2.86166651],["2024-03-14",-5.3960753],["2024-03-15",-4.02987106],["2024-03-16",-3.50447096],["2024-03-17",0.0],["2024-03-18",0.0],["2024-03-19",0.0],["2024-03-20",-1.64407117],["2024-03-21",-0.93673115],["2024-03-22",-1.30103227],["2024-03-23",0.0],["2024-03-24",0.0],["2024-03-25",0.66314319],["2024-03-26",-1.70367377],["2024-03-27",-1.67544097]],"wins":21,"losses":19,"draws":0,"winrate":0.525,"holding_avg":"6:03:00","holding_avg_s":21780.0,"winner_holding_min":"0d 00:00","winner_holding_min_s":0.0,"winner_holding_max":"1d 03:00","winner_holding_max_s":97200.0,"winner_holding_avg":"0d 05:29","winner_holding_avg_s":19740.0,"loser_holding_min":"0d 00:00","loser_holding_min_s":0.0,"loser_holding_max":"0d 23:00","loser_holding_max_s":82800.0,"loser_holding_avg":"0d 06:41","loser_holding_avg_s":24060.0,"max_consecutive_wins":6,"max_consecutive_losses":6,"max_drawdown_account":0.06574541657188203,"max_relative_drawdown":0.06574541657188203,"max_drawdown_abs":20.035050010000003,"drawdown_start":"2024-03-10 10:00:00","drawdown_start_ts":1710064800000.0,"drawdown_end":"2024-03-27 14:00:00","drawdown_end_ts":1711548000000.0,"max_drawdown_low":-15.298217320000003,"max_drawdown_high":4.736832689999999,"csum_min":284.70178268,"csum_max":304.73683268999997}},"strategy_comparison":[{"key":"FreqAIStrategy","trades":40,"profit_mean":-0.006920025361932318,"profit_mean_pct":-0.69,"profit_sum":-0.2768010144772927,"profit_sum_pct":-27.68,"profit_total_abs":-15.29821732,"profit_total":-0.05099405773333333,"profit_total_pct":-5.1,"duration_avg":"6:03:00","wins":21,"draws":0,"losses":19,"winrate":0.525,"cagr":-0.0609088159689275,"expectancy":-0.3824554329999999,"expectancy_ratio":-0.21806116446084722,"sortino":-13.465784845292978,"sharpe":-0.7210616339149949,"calmar":-4.874464798898533,"sqn":-1.7913,"profit_factor":0.5409238642929531,"max_drawdown_account":0.06574541657188203,"max_drawdown_abs":"20.035"}]}