{"strategy":{"FreqAIStrategy":{"trades":[{"pair":"BNB/USDT","stake_amount":1979.89974,"max_stake_amount":1979.89974,"amount":8.127,"open_date":"2023-11-15 01:00:00+00:00","close_date":"2023-11-21 22:00:00+00:00","open_rate":243.62,"close_rate":231.44,"fee_open":0.001,"fee_close":0.001,"trade_duration":9900,"profit_ratio":-0.051894005346102876,"profit_abs":-102.84767262,"exit_reason":"stop_loss","initial_stop_loss_abs":231.44,"initial_stop_loss_ratio":-0.05,"stop_loss_abs":231.44,"stop_loss_ratio":-0.05,"min_rate":224.1,"max_rate":272.42,"is_open":false,"enter_tag":"","leverage":1.0,"is_short":false,"open_timestamp":1700010000000,"close_timestamp":1700604000000,"orders":[{"amount":8.127,"safe_price":243.62,"ft_order_side":"buy","order_filled_timestamp":1700010000000,"ft_is_entry":true,"ft_order_tag":"","cost":1981.8796397400001},{"amount":8.127,"safe_price":231.44,"ft_order_side":"sell","order_filled_timestamp":1700604000000,"ft_is_entry":false,"ft_order_tag":"stop_loss","cost":1882.79379288}],"funding_fees":0.0},{"pair":"BNB/USDT","stake_amount":1959.58255,"max_stake_amount":1959.58255,"amount":8.705,"open_date":"2023-11-21 23:00:00+00:00","close_date":"2024-02-01 00:00:00+00:00","open_rate":225.11,"close_rate":300.53,"fee_open":0.001,"fee_close":0.001,"trade_duration":102300,"profit_ratio":0.33236879951819315,"profit_abs":651.9554038,"exit_reason":"force_exit","initial_stop_loss_abs":213.86,"initial_stop_loss_ratio":-0.05,"stop_loss_abs":213.86,"stop_loss_ratio":-0.05,"min_rate":222.5,"max_rate":337.73,"is_open":false,"enter_tag":"","leverage":1.0,"is_short":false,"open_timestamp":1700607600000,"close_timestamp":1706745600000,"orders":[{"amount":8.705,"safe_price":225.11,"ft_order_side":"buy","order_filled_timestamp":1700607600000,"ft_is_entry":true,"ft_order_tag":"","cost":1961.54213255},{"amount":8.705,"safe_price":300.53,"ft_order_side":"sell","order_filled_timestamp":1706745600000,"ft_is_entry":false,"ft_order_tag":"force_exit","cost":2618.7297636499993}],"funding_fees":0.0}],"locks":[],"best_pair":{"key":"BNB/USDT","trades":2,"profit_mean":0.14023739708604513,"profit_mean_pct":14.02,"profit_sum":0.28047479417209026,"profit_sum_pct":28.05,"profit_total_abs":549.10773118,"profit_total":0.054910773117999995,"profit_total_pct":5.49,"duration_avg":"38 days, 23:00:00","wins":1,"draws":0,"losses":1,"winrate":0.5,"cagr":0.23624877847118375,"expectancy":274.55386559,"expectancy_ratio":2.669519480566346,"sortino":-100,"sharpe":0.3021429724046834,"calmar":110.87195231551992,"sqn":0.7275,"profit_factor":6.339038961132692,"max_drawdown_account":0.010284767262000059,"max_drawdown_abs":102.84767262},"worst_pair":{"key":"BNB/USDT","trades":2,"profit_mean":0.14023739708604513,"profit_mean_pct":14.02,"profit_sum":0.28047479417209026,"profit_sum_pct":28.05,"profit_total_abs":549.10773118,"profit_total":0.054910773117999995,"profit_total_pct":5.49,"duration_avg":"38 days, 23:00:00","wins":1,"draws":0,"losses":1,"winrate":0.5,"cagr":0.23624877847118375,"expectancy":274.55386559,"expectancy_ratio":2.669519480566346,"sortino":-100,"sharpe":0.3021429724046834,"calmar":110.87195231551992,"sqn":0.7275,"profit_factor":6.339038961132692,"max_drawdown_account":0.010284767262000059,"max_drawdown_abs":102.84767262},"results_per_pair":[{"key":"BNB/USDT","trades":2,"profit_mean":0.14023739708604513,"profit_mean_pct":14.02,"profit_sum":0.28047479417209026,"profit_sum_pct":28.05,"profit_total_abs":549.10773118,"profit_total":0.054910773117999995,"profit_total_pct":5.49,"duration_avg":"38 days, 23:00:00","wins":1,"draws":0,"losses":1,"winrate":0.5,"cagr":0.23624877847118375,"expectancy":274.55386559,"expectancy_ratio":2.669519480566346,"sortino":-100,"sharpe":0.3021429724046834,"calmar":110.87195231551992,"sqn":0.7275,"profit_factor":6.339038961132692,"max_drawdown_account":0.010284767262000059,"max_drawdown_abs":102.84767262},{"key":"TOTAL","trades":2,"profit_mean":0.14023739708604513,"profit_mean_pct":14.02,"profit_sum":0.28047479417209026,"profit_sum_pct":28.05,"profit_total_abs":549.10773118,"profit_total":0.054910773117999995,"profit_total_pct":5.49,"duration_avg":"38 days, 23:00:00","wins":1,"draws":0,"losses":1,"winrate":0.5,"cagr":0.23624877847118375,"expectancy":274.55386559,"expectancy_ratio":2.669519480566346,"sortino":-100,"sharpe":0.3021429724046834,"calmar":110.87195231551992,"sqn":0.7275,"profit_factor":6.339038961132692,"max_drawdown_account":0.010284767262000059,"max_drawdown_abs":102.84767262}],"results_per_enter_tag":[{"key":"","trades":2,"profit_mean":0.14023739708604513,"profit_mean_pct":14.02,"profit_sum":0.28047479417209026,"profit_sum_pct":28.05,"profit_total_abs":549.10773118,"profit_total":0.054910773117999995,"profit_total_pct":5.49,"duration_avg":"38 days, 23:00:00","wins":1,"draws":0,"losses":1,"winrate":0.5,"cagr":0.23624877847118375,"expectancy":274.55386559,"expectancy_ratio":2.669519480566346,"sortino":-100,"sharpe":0.3021429724046834,"calmar":110.87195231551992,"sqn":0.7275,"profit_factor":6.339038961132692,"max_drawdown_account":0.010284767262000059,"max_drawdown_abs":102.84767262},{"key":"TOTAL","trades":2,"profit_mean":0.14023739708604513,"profit_mean_pct":14.02,"profit_sum":0.28047479417209026,"profit_sum_pct":28.05,"profit_total_abs":549.10773118,"profit_total":0.054910773117999995,"profit_total_pct":5.49,"duration_avg":"38 days, 23:00:00","wins":1,"draws":0,"losses":1,"winrate":0.5,"cagr":0.23624877847118375,"expectancy":274.55386559,"expectancy_ratio":2.669519480566346,"sortino":-100,"sharpe":0.3021429724046834,"calmar":110.87195231551992,"sqn":0.7275,"profit_factor":6.339038961132692,"max_drawdown_account":0.010284767262000059,"max_drawdown_abs":102.84767262}],"exit_reason_summary":[{"key":"force_exit","trades":1,"profit_mean":0.33236879951819315,"profit_mean_pct":33.24,"profit_sum":0.33236879951819315,"profit_sum_pct":33.24,"profit_total_abs":651.9554038,"profit_total":0.06519554038,"profit_total_pct":6.52,"duration_avg":"71 days, 1:00:00","wins":1,"draws":0,"losses":0,"winrate":1.0,"cagr":0.28476271091920435,"expectancy":651.9554038,"expectancy_ratio":100.0,"sortino":-100,"sharpe":-100,"calmar":-100,"sqn":-100.0,"profit_factor":0.0,"max_drawdown_account":0.0,"max_drawdown_abs":0.0},{"key":"stop_loss","trades":1,"profit_mean":-0.051894005346102876,"profit_mean_pct":-5.19,"profit_sum":-0.051894005346102876,"profit_sum_pct":-5.19,"profit_total_abs":-102.84767262,"profit_total":-0.010284767262,"profit_total_pct":-1.03,"duration_avg":"6 days, 21:00:00","wins":0,"draws":0,"losses":1,"winrate":0.0,"cagr":-0.04018524275362112,"expectancy":-102.84767262,"expectancy_ratio":-1.0,"sortino":-100,"sharpe":-100,"calmar":-20.766275189720314,"sqn":-100.0,"profit_factor":0.0,"max_drawdown_account":0.010284767262000059,"max_drawdown_abs":102.84767262},{"key":"TOTAL","trades":2,"profit_mean":0.14023739708604513,"profit_mean_pct":14.02,"profit_sum":0.28047479417209026,"profit_sum_pct":28.05,"profit_total_abs":549.10773118,"profit_total":0.054910773117999995,"profit_total_pct":5.49,"duration_avg":"38 days, 23:00:00","wins":1,"draws":0,"losses":1,"winrate":0.5,"cagr":0.23624877847118375,"expectancy":274.55386559,"expectancy_ratio":2.669519480566346,"sortino":-100,"sharpe":0.3021429724046834,"calmar":110.87195231551992,"sqn":0.7275,"profit_factor":6.339038961132692,"max_drawdown_account":0.010284767262000059,"max_drawdown_abs":102.84767262}],"mix_tag_stats":[{"key":["","force_exit"],"trades":1,"profit_mean":0.33236879951819315,"profit_mean_pct":33.24,"profit_sum":0.33236879951819315,"profit_sum_pct":33.24,"profit_total_abs":651.9554038,"profit_total":0.06519554038,"profit_total_pct":6.52,"duration_avg":"71 days, 1:00:00","wins":1,"draws":0,"losses":0,"winrate":1.0,"cagr":0.28476271091920435,"expectancy":651.9554038,"expectancy_ratio":100.0,"sortino":-100,"sharpe":-100,"calmar":-100,"sqn":-100.0,"profit_factor":0.0,"max_drawdown_account":0.0,"max_drawdown_abs":0.0},{"key":["","stop_loss"],"trades":1,"profit_mean":-0.051894005346102876,"profit_mean_pct":-5.19,"profit_sum":-0.051894005346102876,"profit_sum_pct":-5.19,"profit_total_abs":-102.84767262,"profit_total":-0.010284767262,"profit_total_pct":-1.03,"duration_avg":"6 days, 21:00:00","wins":0,"draws":0,"losses":1,"winrate":0.0,"cagr":-0.04018524275362112,"expectancy":-102.84767262,"expectancy_ratio":-1.0,"sortino":-100,"sharpe":-100,"calmar":-20.766275189720314,"sqn":-100.0,"profit_factor":0.0,"max_drawdown_account":0.010284767262000059,"max_drawdown_abs":102.84767262},{"key":"TOTAL","trades":2,"profit_mean":0.14023739708604513,"profit_mean_pct":14.02,"profit_sum":0.28047479417209026,"profit_sum_pct":28.05,"profit_total_abs":549.10773118,"profit_total":0.054910773117999995,"profit_total_pct":5.49,"duration_avg":"38 days, 23:00:00","wins":1,"draws":0,"losses":1,"winrate":0.5,"cagr":0.23624877847118375,"expectancy":274.55386559,"expectancy_ratio":2.669519480566346,"sortino":-100,"sharpe":0.3021429724046834,"calmar":110.87195231551992,"sqn":0.7275,"profit_factor":6.339038961132692,"max_drawdown_account":0.010284767262000059,"max_drawdown_abs":102.84767262}],"left_open_trades":[{"key":"BNB/USDT","trades":1,"profit_mean":0.33236879951819315,"profit_mean_pct":33.24,"profit_sum":0.33236879951819315,"profit_sum_pct":33.24,"profit_total_abs":651.9554038,"profit_total":0.06519554038,"profit_total_pct":6.52,"duration_avg":"71 days, 1:00:00","wins":1,"draws":0,"losses":0,"winrate":1.0,"cagr":0.28476271091920435,"expectancy":651.9554038,"expectancy_ratio":100.0,"sortino":-100,"sharpe":-100,"calmar":-100,"sqn":-100.0,"profit_factor":0.0,"max_drawdown_account":0.0,"max_drawdown_abs":0.0},{"key":"TOTAL","trades":1,"profit_mean":0.33236879951819315,"profit_mean_pct":33.24,"profit_sum":0.33236879951819315,"profit_sum_pct":33.24,"profit_total_abs":651.9554038,"profit_total":0.06519554038,"profit_total_pct":6.52,"duration_avg":"71 days, 1:00:00","wins":1,"draws":0,"losses":0,"winrate":1.0,"cagr":0.28476271091920435,"expectancy":651.9554038,"expectancy_ratio":100.0,"sortino":-100,"sharpe":-100,"calmar":-100,"sqn":-100.0,"profit_factor":0.0,"max_drawdown_account":0.0,"max_drawdown_abs":0.0}],"total_trades":2,"trade_count_long":2,"trade_count_short":0,"total_volume":8444.945328819998,"avg_stake_amount":1969.741145,"profit_mean":0.14023739708604513,"profit_median":0.14023739708604513,"profit_total":0.054910773117999995,"profit_total_long":0.054910773117999995,"profit_total_short":0.0,"profit_total_abs":549.10773118,"profit_total_long_abs":549.10773118,"profit_total_short_abs":0.0,"cagr":0.23624877847118375,"expectancy":274.55386559,"expectancy_ratio":2.669519480566346,"sortino":-100,"sharpe":0.3021429724046834,"calmar":110.87195231551992,"sqn":0.7275,"profit_factor":6.339038961132692,"backtest_start":"2023-11-01 00:00:00","backtest_start_ts":1698796800000,"backtest_end":"2024-02-01 00:00:00","backtest_end_ts":1706745600000,"backtest_days":92,"backtest_run_start_ts":1765276977,"backtest_run_end_ts":1765276983,"trades_per_day":0.02,"market_change":0.32683142100617846,"pairlist":["BNB/USDT"],"stake_amount":"unlimited","stake_currency":"USDT","stake_currency_decimals":3,"starting_balance":10000,"dry_run_wallet":10000,"final_balance":10549.10773118,"rejected_signals":0,"timedout_entry_orders":0,"timedout_exit_orders":0,"canceled_trade_entries":0,"canceled_entry_orders":0,"replaced_entry_orders":0,"max_open_trades":1,"max_open_trades_setting":5,"timeframe":"1h","timeframe_detail":"","timerange":"20231101-20240201","enable_protections":false,"strategy_name":"FreqAIStrategy","stoploss":-0.05,"trailing_stop":false,"trailing_stop_positive":null,"trailing_stop_positive_offset":0.0,"trailing_only_offset_is_reached":false,"use_custom_stoploss":false,"minimal_roi":{},"use_exit_signal":true,"exit_profit_only":false,"exit_profit_offset":0.0,"ignore_roi_if_entry_signal":false,"trading_mode":"spot","margin_mode":"","periodic_breakdown":{"day":[{"date":"21/11/2023","date_ts":1700524800000,"profit_abs":-102.84767262,"wins":0,"draws":0,"losses":1,"trades":1,"profit_factor":0.0},{"date":"22/11/2023","date_ts":1700611200000,"profit_abs":0.0,"wins":0,"draws":0,"losses":0,"trades":0,"profit_factor":0.0},{"date":"23/11/2023","date_ts":1700697600000,"profit_abs":0.0,"wins":0,"draws":0,"losses":0,"trades":0,"profit_factor":0.0},{"date":"24/11/2023","date_ts":1700784000000,"profit_abs":0.0,"wins":0,"draws":0,"losses":0,"trades":0,"profit_factor":0.0},{"date":"25/11/2023","date_ts":1700870400000,"profit_abs":0.0,"wins":0,"draws":0,"losses":0,"trades":0,"profit_factor":0.0},{"date":"26/11/2023","date_ts":1700956800000,"profit_abs":0.0,"wins":0,"draws":0,"losses":0,"trades":0,"profit_factor":0.0},{"date":"27/11/2023","date_ts":1701043200000,"profit_abs":0.0,"wins":0,"draws":0,"losses":0,"trades":0,"profit_factor":0.0},{"date":"28/11/2023","date_ts":1701129600000,"profit_abs":0.0,"wins":0,"draws":0,"losses":0,"trades":0,"profit_factor":0.0},{"date":"29/11/2023","date_ts":1701216000000,"profit_abs":0.0,"wins":0,"draws":0,"losses":0,"trades":0,"profit_factor":0.0},{"date":"30/11/2023","date_ts":1701302400000,"profit_abs":0.0,"wins":0,"draws":0,"losses":0,"trades":0,"profit_factor":0.0},{"date":"01/12/2023","date_ts":1701388800000,"profit_abs":0.0,"wins":0,"draws":0,"losses":0,"trades":0,"profit_factor":0.0},{"date":"02/12/2023","date_ts":1701475200000,"profit_abs":0.0,"wins":0,"draws":0,"losses":0,"trades":0,"profit_factor":0.0},{"date":"03/12/2023","date_ts":1701561600000,"profit_abs":0.0,"wins":0,"draws":0,"losses":0,"trades":0,"profit_factor":0.0},{"date":"04/12/2023","date_ts":1701648000000,"profit_abs":0.0,"wins":0,"draws":0,"losses":0,"trades":0,"profit_factor":0.0},{"date":"05/12/2023","date_ts":1701734400000,"profit_abs":0.0,"wins":0,"draws":0,"losses":0,"trades":0,"profit_factor":0.0},{"date":"06/12/2023","date_ts":1701820800000,"profit_abs":0.0,"wins":0,"draws":0,"losses":0,"trades":0,"profit_factor":0.0},{"date":"07/12/2023","date_ts":1701907200000,"profit_abs":0.0,"wins":0,"draws":0,"losses":0,"trades":0,"profit_factor":0.0},{"date":"08/12/2023","date_ts":1701993600000,"profit_abs":0.0,"wins":0,"draws":0,"losses":0,"trades":0,"profit_factor":0.0},{"date":"09/12/2023","date_ts":1702080000000,"profit_abs":0.0,"wins":0,"draws":0,"losses":0,"trades":0,"profit_factor":0.0},{"date":"10/12/2023","date_ts":1702166400000,"profit_abs":0.0,"wins":0,"draws":0,"losses":0,"trades":0,"profit_factor":0.0},{"date":"11/12/2023","date_ts":1702252800000,"profit_abs":0.0,"wins":0,"draws":0,"losses":0,"trades":0,"profit_factor":0.0},{"date":"12/12/2023","date_ts":1702339200000,"profit_abs":0.0,"wins":0,"draws":0,"losses":0,"trades":0,"profit_factor":0.0},{"date":"13/12/2023","date_ts":1702425600000,"profit_abs":0.0,"wins":0,"draws":0,"losses":0,"trades":0,"profit_factor":0.0},{"date":"14/12/2023","date_ts":1702512000000,"profit_abs":0.0,"wins":0,"draws":0,"losses":0,"trades":0,"profit_factor":0.0},{"date":"15/12/2023","date_ts":1702598400000,"profit_abs":0.0,"wins":0,"draws":0,"losses":0,"trades":0,"profit_factor":0.0},{"date":"16/12/2023","date_ts":1702684800000,"profit_abs":0.0,"wins":0,"draws":0,"losses":0,"trades":0,"profit_factor":0.0},{"date":"17/12/2023","date_ts":1702771200000,"profit_abs":0.0,"wins":0,"draws":0,"losses":0,"trades":0,"profit_factor":0.0},{"date":"18/12/2023","date_ts":1702857600000,"profit_abs":0.0,"wins":0,"draws":0,"losses":0,"trades":0,"profit_factor":0.0},{"date":"19/12/2023","date_ts":1702944000000,"profit_abs":0.0,"wins":0,"draws":0,"losses":0,"trades":0,"profit_factor":0.0},{"date":"20/12/2023","date_ts":1703030400000,"profit_abs":0.0,"wins":0,"draws":0,"losses":0,"trades":0,"profit_factor":0.0},{"date":"21/12/2023","date_ts":1703116800000,"profit_abs":0.0,"wins":0,"draws":0,"losses":0,"trades":0,"profit_factor":0.0},{"date":"22/12/2023","date_ts":1703203200000,"profit_abs":0.0,"wins":0,"draws":0,"losses":0,"trades":0,"profit_factor":0.0},{"date":"23/12/2023","date_ts":1703289600000,"profit_abs":0.0,"wins":0,"draws":0,"losses":0,"trades":0,"profit_factor":0.0},{"date":"24/12/2023","date_ts":1703376000000,"profit_abs":0.0,"wins":0,"draws":0,"losses":0,"trades":0,"profit_factor":0.0},{"date":"25/12/2023","date_ts":1703462400000,"profit_abs":0.0,"wins":0,"draws":0,"losses":0,"trades":0,"profit_factor":0.0},{"date":"26/12/2023","date_ts":1703548800000,"profit_abs":0.0,"wins":0,"draws":0,"losses":0,"trades":0,"profit_factor":0.0},{"date":"27/12/2023","date_ts":1703635200000,"profit_abs":0.0,"wins":0,"draws":0,"losses":0,"trades":0,"profit_factor":0.0},{"date":"28/12/2023","date_ts":1703721600000,"profit_abs":0.0,"wins":0,"draws":0,"losses":0,"trades":0,"profit_factor":0.0},{"date":"29/12/2023","date_ts":1703808000000,"profit_abs":0.0,"wins":0,"draws":0,"losses":0,"trades":0,"profit_factor":0.0},{"date":"30/12/2023","date_ts":1703894400000,"profit_abs":0.0,"wins":0,"draws":0,"losses":0,"trades":0,"profit_factor":0.0},{"date":"31/12/2023","date_ts":1703980800000,"profit_abs":0.0,"wins":0,"draws":0,"losses":0,"trades":0,"profit_factor":0.0},{"date":"01/01/2024","date_ts":1704067200000,"profit_abs":0.0,"wins":0,"draws":0,"losses":0,"trades":0,"profit_factor":0.0},{"date":"02/01/2024","date_ts":1704153600000,"profit_abs":0.0,"wins":0,"draws":0,"losses":0,"trades":0,"profit_factor":0.0},{"date":"03/01/2024","date_ts":1704240000000,"profit_abs":0.0,"wins":0,"draws":0,"losses":0,"trades":0,"profit_factor":0.0},{"date":"04/01/2024","date_ts":1704326400000,"profit_abs":0.0,"wins":0,"draws":0,"losses":0,"trades":0,"profit_factor":0.0},{"date":"05/01/2024","date_ts":1704412800000,"profit_abs":0.0,"wins":0,"draws":0,"losses":0,"trades":0,"profit_factor":0.0},{"date":"06/01/2024","date_ts":1704499200000,"profit_abs":0.0,"wins":0,"draws":0,"losses":0,"trades":0,"profit_factor":0.0},{"date":"07/01/2024","date_ts":1704585600000,"profit_abs":0.0,"wins":0,"draws":0,"losses":0,"trades":0,"profit_factor":0.0},{"date":"08/01/2024","date_ts":1704672000000,"profit_abs":0.0,"wins":0,"draws":0,"losses":0,"trades":0,"profit_factor":0.0},{"date":"09/01/2024","date_ts":1704758400000,"profit_abs":0.0,"wins":0,"draws":0,"losses":0,"trades":0,"profit_factor":0.0},{"date":"10/01/2024","date_ts":1704844800000,"profit_abs":0.0,"wins":0,"draws":0,"losses":0,"trades":0,"profit_factor":0.0},{"date":"11/01/2024","date_ts":1704931200000,"profit_abs":0.0,"wins":0,"draws":0,"losses":0,"trades":0,"profit_factor":0.0},{"date":"12/01/2024","date_ts":1705017600000,"profit_abs":0.0,"wins":0,"draws":0,"losses":0,"trades":0,"profit_factor":0.0},{"date":"13/01/2024","date_ts":1705104000000,"profit_abs":0.0,"wins":0,"draws":0,"losses":0,"trades":0,"profit_factor":0.0},{"date":"14/01/2024","date_ts":1705190400000,"profit_abs":0.0,"wins":0,"draws":0,"losses":0,"trades":0,"profit_factor":0.0},{"date":"15/01/2024","date_ts":1705276800000,"profit_abs":0.0,"wins":0,"draws":0,"losses":0,"trades":0,"profit_factor":0.0},{"date":"16/01/2024","date_ts":1705363200000,"profit_abs":0.0,"wins":0,"draws":0,"losses":0,"trades":0,"profit_factor":0.0},{"date":"17/01/2024","date_ts":1705449600000,"profit_abs":0.0,"wins":0,"draws":0,"losses":0,"trades":0,"profit_factor":0.0},{"date":"18/01/2024","date_ts":1705536000000,"profit_abs":0.0,"wins":0,"draws":0,"losses":0,"trades":0,"profit_factor":0.0},{"date":"19/01/2024","date_ts":1705622400000,"profit_abs":0.0,"wins":0,"draws":0,"losses":0,"trades":0,"profit_factor":0.0},{"date":"20/01/2024","date_ts":1705708800000,"profit_abs":0.0,"wins":0,"draws":0,"losses":0,"trades":0,"profit_factor":0.0},{"date":"21/01/2024","date_ts":1705795200000,"profit_abs":0.0,"wins":0,"draws":0,"losses":0,"trades":0,"profit_factor":0.0},{"date":"22/01/2024","date_ts":1705881600000,"profit_abs":0.0,"wins":0,"draws":0,"losses":0,"trades":0,"profit_factor":0.0},{"date":"23/01/2024","date_ts":1705968000000,"profit_abs":0.0,"wins":0,"draws":0,"losses":0,"trades":0,"profit_factor":0.0},{"date":"24/01/2024","date_ts":1706054400000,"profit_abs":0.0,"wins":0,"draws":0,"losses":0,"trades":0,"profit_factor":0.0},{"date":"25/01/2024","date_ts":1706140800000,"profit_abs":0.0,"wins":0,"draws":0,"losses":0,"trades":0,"profit_factor":0.0},{"date":"26/01/2024","date_ts":1706227200000,"profit_abs":0.0,"wins":0,"draws":0,"losses":0,"trades":0,"profit_factor":0.0},{"date":"27/01/2024","date_ts":1706313600000,"profit_abs":0.0,"wins":0,"draws":0,"losses":0,"trades":0,"profit_factor":0.0},{"date":"28/01/2024","date_ts":1706400000000,"profit_abs":0.0,"wins":0,"draws":0,"losses":0,"trades":0,"profit_factor":0.0},{"date":"29/01/2024","date_ts":1706486400000,"profit_abs":0.0,"wins":0,"draws":0,"losses":0,"trades":0,"profit_factor":0.0},{"date":"30/01/2024","date_ts":1706572800000,"profit_abs":0.0,"wins":0,"draws":0,"losses":0,"trades":0,"profit_factor":0.0},{"date":"31/01/2024","date_ts":1706659200000,"profit_abs":0.0,"wins":0,"draws":0,"losses":0,"trades":0,"profit_factor":0.0},{"date":"01/02/2024","date_ts":1706745600000,"profit_abs":651.9554038,"wins":1,"draws":0,"losses":0,"trades":1,"profit_factor":0.0}],"week":[{"date":"27/11/2023","date_ts":1701043200000,"profit_abs":-102.84767262,"wins":0,"draws":0,"losses":1,"trades":1,"profit_factor":0.0},{"date":"04/12/2023","date_ts":1701648000000,"profit_abs":0.0,"wins":0,"draws":0,"losses":0,"trades":0,"profit_factor":0.0},{"date":"11/12/2023","date_ts":1702252800000,"profit_abs":0.0,"wins":0,"draws":0,"losses":0,"trades":0,"profit_factor":0.0},{"date":"18/12/2023","date_ts":1702857600000,"profit_abs":0.0,"wins":0,"draws":0,"losses":0,"trades":0,"profit_factor":0.0},{"date":"25/12/2023","date_ts":1703462400000,"profit_abs":0.0,"wins":0,"draws":0,"losses":0,"trades":0,"profit_factor":0.0},{"date":"01/01/2024","date_ts":1704067200000,"profit_abs":0.0,"wins":0,"draws":0,"losses":0,"trades":0,"profit_factor":0.0},{"date":"08/01/2024","date_ts":1704672000000,"profit_abs":0.0,"wins":0,"draws":0,"losses":0,"trades":0,"profit_factor":0.0},{"date":"15/01/2024","date_ts":1705276800000,"profit_abs":0.0,"wins":0,"draws":0,"losses":0,"trades":0,"profit_factor":0.0},{"date":"22/01/2024","date_ts":1705881600000,"profit_abs":0.0,"wins":0,"draws":0,"losses":0,"trades":0,"profit_factor":0.0},{"date":"29/01/2024","date_ts":1706486400000,"profit_abs":0.0,"wins":0,"draws":0,"losses":0,"trades":0,"profit_factor":0.0},{"date":"05/02/2024","date_ts":1707091200000,"profit_abs":651.9554038,"wins":1,"draws":0,"losses":0,"trades":1,"profit_factor":0.0}],"month":[{"date":"30/11/2023","date_ts":1701302400000,"profit_abs":-102.84767262,"wins":0,"draws":0,"losses":1,"trades":1,"profit_factor":0.0},{"date":"31/12/2023","date_ts":1703980800000,"profit_abs":0.0,"wins":0,"draws":0,"losses":0,"trades":0,"profit_factor":0.0},{"date":"31/01/2024","date_ts":1706659200000,"profit_abs":0.0,"wins":0,"draws":0,"losses":0,"trades":0,"profit_factor":0.0},{"date":"29/02/2024","date_ts":1709164800000,"profit_abs":651.9554038,"wins":1,"draws":0,"losses":0,"trades":1,"profit_factor":0.0}],"year":[{"date":"31/12/2023","date_ts":1703980800000,"profit_abs":-102.84767262,"wins":0,"draws":0,"losses":1,"trades":1,"profit_factor":0.0},{"date":"31/12/2024","date_ts":1735603200000,"profit_abs":651.9554038,"wins":1,"draws":0,"losses":0,"trades":1,"profit_factor":0.0}]},"backtest_best_day":0.33236879951819315,"backtest_worst_day":-0.051894005346102876,"backtest_best_day_abs":651.9554038,"backtest_worst_day_abs":-102.84767262,"winning_days":1,"draw_days":71,"losing_days":1,"daily_profit":[["2023-11-21",-102.84767262],["2023-11-22",0.0],["2023-11-23",0.0],["2023-11-24",0.0],["2023-11-25",0.0],["2023-11-26",0.0],["2023-11-27",0.0],["2023-11-28",0.0],["2023-11-29",0.0],["2023-11-30",0.0],["2023-12-01",0.0],["2023-12-02",0.0],["2023-12-03",0.0],["2023-12-04",0.0],["2023-12-05",0.0],["2023-12-06",0.0],["2023-12-07",0.0],["2023-12-08",0.0],["2023-12-09",0.0],["2023-12-10",0.0],["2023-12-11",0.0],["2023-12-12",0.0],["2023-12-13",0.0],["2023-12-14",0.0],["2023-12-15",0.0],["2023-12-16",0.0],["2023-12-17",0.0],["2023-12-18",0.0],["2023-12-19",0.0],["2023-12-20",0.0],["2023-12-21",0.0],["2023-12-22",0.0],["2023-12-23",0.0],["2023-12-24",0.0],["2023-12-25",0.0],["2023-12-26",0.0],["2023-12-27",0.0],["2023-12-28",0.0],["2023-12-29",0.0],["2023-12-30",0.0],["2023-12-31",0.0],["2024-01-01",0.0],["2024-01-02",0.0],["2024-01-03",0.0],["2024-01-04",0.0],["2024-01-05",0.0],["2024-01-06",0.0],["2024-01-07",0.0],["2024-01-08",0.0],["2024-01-09",0.0],["2024-01-10",0.0],["2024-01-11",0.0],["2024-01-12",0.0],["2024-01-13",0.0],["2024-01-14",0.0],["2024-01-15",0.0],["2024-01-16",0.0],["2024-01-17",0.0],["2024-01-18",0.0],["2024-01-19",0.0],["2024-01-20",0.0],["2024-01-21",0.0],["2024-01-22",0.0],["2024-01-23",0.0],["2024-01-24",0.0],["2024-01-25",0.0],["2024-01-26",0.0],["2024-01-27",0.0],["2024-01-28",0.0],["2024-01-29",0.0],["2024-01-30",0.0],["2024-01-31",0.0],["2024-02-01",651.9554038]],"wins":1,"losses":1,"draws":0,"winrate":0.5,"holding_avg":"38 days, 23:00:00","holding_avg_s":3366000.0,"winner_holding_min":"71d 01:00","winner_holding_min_s":6138000.0,"winner_holding_max":"71d 01:00","winner_holding_max_s":6138000.0,"winner_holding_avg":"71d 01:00","winner_holding_avg_s":6138000.0,"loser_holding_min":"6d 21:00","loser_holding_min_s":594000.0,"loser_holding_max":"6d 21:00","loser_holding_max_s":594000.0,"loser_holding_avg":"6d 21:00","loser_holding_avg_s":594000.0,"max_consecutive_wins":1,"max_consecutive_losses":1,"max_drawdown_account":0.010284767262000059,"max_relative_drawdown":0.010284767262000059,"max_drawdown_abs":102.84767262,"drawdown_start":"2023-11-21 22:00:00","drawdown_start_ts":1700604000000.0,"drawdown_end":"2023-11-21 22:00:00","drawdown_end_ts":1700604000000.0,"max_drawdown_low":-102.84767262,"max_drawdown_high":-102.84767262,"csum_min":9897.15232738,"csum_max":10549.10773118}},"strategy_comparison":[{"key":"FreqAIStrategy","trades":2,"profit_mean":0.14023739708604513,"profit_mean_pct":14.02,"profit_sum":0.28047479417209026,"profit_sum_pct":28.05,"profit_total_abs":549.10773118,"profit_total":0.054910773117999995,"profit_total_pct":5.49,"duration_avg":"38 days, 23:00:00","wins":1,"draws":0,"losses":1,"winrate":0.5,"cagr":0.23624877847118375,"expectancy":274.55386559,"expectancy_ratio":2.669519480566346,"sortino":-100,"sharpe":0.3021429724046834,"calmar":110.87195231551992,"sqn":0.7275,"profit_factor":6.339038961132692,"max_drawdown_account":0.010284767262000059,"max_drawdown_abs":"102.848"}]}