{"strategy":{"FreqAIStrategy":{"trades":[{"pair":"BNB/USDT","stake_amount":1979.81838,"max_stake_amount":1979.81838,"amount":6.334,"open_date":"2024-01-03 01:00:00+00:00","close_date":"2024-01-03 12:00:00+00:00","open_rate":312.57,"close_rate":296.95,"fee_open":0.001,"fee_close":0.001,"trade_duration":660,"profit_ratio":-0.05187096232302106,"profit_abs":-102.79777968,"exit_reason":"stop_loss","initial_stop_loss_abs":296.95,"initial_stop_loss_ratio":-0.05,"stop_loss_abs":296.95,"stop_loss_ratio":-0.05,"min_rate":285.38,"max_rate":334.3,"is_open":false,"enter_tag":"","leverage":1.0,"is_short":false,"open_timestamp":1704243600000,"close_timestamp":1704283200000,"orders":[{"amount":6.334,"safe_price":312.57,"ft_order_side":"buy","order_filled_timestamp":1704243600000,"ft_is_entry":true,"ft_order_tag":"","cost":1981.7981983799998},{"amount":6.334,"safe_price":296.95,"ft_order_side":"sell","order_filled_timestamp":1704283200000,"ft_is_entry":false,"ft_order_tag":"stop_loss","cost":1882.7621812999996}],"funding_fees":0.0},{"pair":"BNB/USDT","stake_amount":1959.37374,"max_stake_amount":1959.37374,"amount":6.198,"open_date":"2024-01-03 13:00:00+00:00","close_date":"2024-01-06 07:00:00+00:00","open_rate":316.13,"close_rate":300.33,"fee_open":0.001,"fee_close":0.001,"trade_duration":3960,"profit_ratio":-0.05187758181779629,"profit_abs":-101.74921908,"exit_reason":"stop_loss","initial_stop_loss_abs":300.33,"initial_stop_loss_ratio":-0.05,"stop_loss_abs":300.33,"stop_loss_ratio":-0.05,"min_rate":300.02,"max_rate":326.6,"is_open":false,"enter_tag":"","leverage":1.0,"is_short":false,"open_timestamp":1704286800000,"close_timestamp":1704524400000,"orders":[{"amount":6.198,"safe_price":316.13,"ft_order_side":"buy","order_filled_timestamp":1704286800000,"ft_is_entry":true,"ft_order_tag":"","cost":1961.3331137399998},{"amount":6.198,"safe_price":300.33,"ft_order_side":"sell","order_filled_timestamp":1704524400000,"ft_is_entry":false,"ft_order_tag":"stop_loss","cost":1863.3067853399998}],"funding_fees":0.0},{"pair":"BNB/USDT","stake_amount":1939.44484,"max_stake_amount":1939.44484,"amount":6.389,"open_date":"2024-01-06 08:00:00+00:00","close_date":"2024-01-25 02:00:00+00:00","open_rate":303.56,"close_rate":288.39,"fee_open":0.001,"fee_close":0.001,"trade_duration":27000,"profit_ratio":-0.05187180061998879,"profit_abs":-100.70309855,"exit_reason":"stop_loss","initial_stop_loss_abs":288.39,"initial_stop_loss_ratio":-0.05,"stop_loss_abs":288.39,"stop_loss_ratio":-0.05,"min_rate":287.46,"max_rate":322.23,"is_open":false,"enter_tag":"","leverage":1.0,"is_short":false,"open_timestamp":1704528000000,"close_timestamp":1706148000000,"orders":[{"amount":6.389,"safe_price":303.56,"ft_order_side":"buy","order_filled_timestamp":1704528000000,"ft_is_entry":true,"ft_order_tag":"","cost":1941.38428484},{"amount":6.389,"safe_price":288.39,"ft_order_side":"sell","order_filled_timestamp":1706148000000,"ft_is_entry":false,"ft_order_tag":"stop_loss","cost":1844.3662337099997}],"funding_fees":0.0}],"locks":[],"best_pair":{"key":"BNB/USDT","trades":3,"profit_mean":-0.05187344825360205,"profit_mean_pct":-5.19,"profit_sum":-0.15562034476080616,"profit_sum_pct":-15.56,"profit_total_abs":-305.25009731,"profit_total":-0.030525009731,"profit_total_pct":-3.05,"duration_avg":"7 days, 7:40:00","wins":0,"draws":0,"losses":3,"winrate":0.0,"cagr":-0.11572883483742091,"expectancy":-101.75003243666667,"expectancy_ratio":-1.0,"sortino":-74.12624872894472,"sharpe":-74.12624872894472,"calmar":-20.766275189720464,"sqn":-168.2702,"profit_factor":0.0,"max_drawdown_account":0.030525009730999954,"max_drawdown_abs":305.25009731},"worst_pair":{"key":"BNB/USDT","trades":3,"profit_mean":-0.05187344825360205,"profit_mean_pct":-5.19,"profit_sum":-0.15562034476080616,"profit_sum_pct":-15.56,"profit_total_abs":-305.25009731,"profit_total":-0.030525009731,"profit_total_pct":-3.05,"duration_avg":"7 days, 7:40:00","wins":0,"draws":0,"losses":3,"winrate":0.0,"cagr":-0.11572883483742091,"expectancy":-101.75003243666667,"expectancy_ratio":-1.0,"sortino":-74.12624872894472,"sharpe":-74.12624872894472,"calmar":-20.766275189720464,"sqn":-168.2702,"profit_factor":0.0,"max_drawdown_account":0.030525009730999954,"max_drawdown_abs":305.25009731},"results_per_pair":[{"key":"BNB/USDT","trades":3,"profit_mean":-0.05187344825360205,"profit_mean_pct":-5.19,"profit_sum":-0.15562034476080616,"profit_sum_pct":-15.56,"profit_total_abs":-305.25009731,"profit_total":-0.030525009731,"profit_total_pct":-3.05,"duration_avg":"7 days, 7:40:00","wins":0,"draws":0,"losses":3,"winrate":0.0,"cagr":-0.11572883483742091,"expectancy":-101.75003243666667,"expectancy_ratio":-1.0,"sortino":-74.12624872894472,"sharpe":-74.12624872894472,"calmar":-20.766275189720464,"sqn":-168.2702,"profit_factor":0.0,"max_drawdown_account":0.030525009730999954,"max_drawdown_abs":305.25009731},{"key":"TOTAL","trades":3,"profit_mean":-0.05187344825360205,"profit_mean_pct":-5.19,"profit_sum":-0.15562034476080616,"profit_sum_pct":-15.56,"profit_total_abs":-305.25009731,"profit_total":-0.030525009731,"profit_total_pct":-3.05,"duration_avg":"7 days, 7:40:00","wins":0,"draws":0,"losses":3,"winrate":0.0,"cagr":-0.11572883483742091,"expectancy":-101.75003243666667,"expectancy_ratio":-1.0,"sortino":-74.12624872894472,"sharpe":-74.12624872894472,"calmar":-20.766275189720464,"sqn":-168.2702,"profit_factor":0.0,"max_drawdown_account":0.030525009730999954,"max_drawdown_abs":305.25009731}],"results_per_enter_tag":[{"key":"","trades":3,"profit_mean":-0.05187344825360205,"profit_mean_pct":-5.19,"profit_sum":-0.15562034476080616,"profit_sum_pct":-15.56,"profit_total_abs":-305.25009731,"profit_total":-0.030525009731,"profit_total_pct":-3.05,"duration_avg":"7 days, 7:40:00","wins":0,"draws":0,"losses":3,"winrate":0.0,"cagr":-0.11572883483742091,"expectancy":-101.75003243666667,"expectancy_ratio":-1.0,"sortino":-74.12624872894472,"sharpe":-74.12624872894472,"calmar":-20.766275189720464,"sqn":-168.2702,"profit_factor":0.0,"max_drawdown_account":0.030525009730999954,"max_drawdown_abs":305.25009731},{"key":"TOTAL","trades":3,"profit_mean":-0.05187344825360205,"profit_mean_pct":-5.19,"profit_sum":-0.15562034476080616,"profit_sum_pct":-15.56,"profit_total_abs":-305.25009731,"profit_total":-0.030525009731,"profit_total_pct":-3.05,"duration_avg":"7 days, 7:40:00","wins":0,"draws":0,"losses":3,"winrate":0.0,"cagr":-0.11572883483742091,"expectancy":-101.75003243666667,"expectancy_ratio":-1.0,"sortino":-74.12624872894472,"sharpe":-74.12624872894472,"calmar":-20.766275189720464,"sqn":-168.2702,"profit_factor":0.0,"max_drawdown_account":0.030525009730999954,"max_drawdown_abs":305.25009731}],"exit_reason_summary":[{"key":"stop_loss","trades":3,"profit_mean":-0.05187344825360205,"profit_mean_pct":-5.19,"profit_sum":-0.15562034476080616,"profit_sum_pct":-15.56,"profit_total_abs":-305.25009731,"profit_total":-0.030525009731,"profit_total_pct":-3.05,"duration_avg":"7 days, 7:40:00","wins":0,"draws":0,"losses":3,"winrate":0.0,"cagr":-0.11572883483742091,"expectancy":-101.75003243666667,"expectancy_ratio":-1.0,"sortino":-74.12624872894472,"sharpe":-74.12624872894472,"calmar":-20.766275189720464,"sqn":-168.2702,"profit_factor":0.0,"max_drawdown_account":0.030525009730999954,"max_drawdown_abs":305.25009731},{"key":"TOTAL","trades":3,"profit_mean":-0.05187344825360205,"profit_mean_pct":-5.19,"profit_sum":-0.15562034476080616,"profit_sum_pct":-15.56,"profit_total_abs":-305.25009731,"profit_total":-0.030525009731,"profit_total_pct":-3.05,"duration_avg":"7 days, 7:40:00","wins":0,"draws":0,"losses":3,"winrate":0.0,"cagr":-0.11572883483742091,"expectancy":-101.75003243666667,"expectancy_ratio":-1.0,"sortino":-74.12624872894472,"sharpe":-74.12624872894472,"calmar":-20.766275189720464,"sqn":-168.2702,"profit_factor":0.0,"max_drawdown_account":0.030525009730999954,"max_drawdown_abs":305.25009731}],"mix_tag_stats":[{"key":["","stop_loss"],"trades":3,"profit_mean":-0.05187344825360205,"profit_mean_pct":-5.19,"profit_sum":-0.15562034476080616,"profit_sum_pct":-15.56,"profit_total_abs":-305.25009731,"profit_total":-0.030525009731,"profit_total_pct":-3.05,"duration_avg":"7 days, 7:40:00","wins":0,"draws":0,"losses":3,"winrate":0.0,"cagr":-0.11572883483742091,"expectancy":-101.75003243666667,"expectancy_ratio":-1.0,"sortino":-74.12624872894472,"sharpe":-74.12624872894472,"calmar":-20.766275189720464,"sqn":-168.2702,"profit_factor":0.0,"max_drawdown_account":0.030525009730999954,"max_drawdown_abs":305.25009731},{"key":"TOTAL","trades":3,"profit_mean":-0.05187344825360205,"profit_mean_pct":-5.19,"profit_sum":-0.15562034476080616,"profit_sum_pct":-15.56,"profit_total_abs":-305.25009731,"profit_total":-0.030525009731,"profit_total_pct":-3.05,"duration_avg":"7 days, 7:40:00","wins":0,"draws":0,"losses":3,"winrate":0.0,"cagr":-0.11572883483742091,"expectancy":-101.75003243666667,"expectancy_ratio":-1.0,"sortino":-74.12624872894472,"sharpe":-74.12624872894472,"calmar":-20.766275189720464,"sqn":-168.2702,"profit_factor":0.0,"max_drawdown_account":0.030525009730999954,"max_drawdown_abs":305.25009731}],"left_open_trades":[{"key":"TOTAL","trades":0,"profit_mean":0.0,"profit_mean_pct":0.0,"profit_sum":0.0,"profit_sum_pct":0.0,"profit_total_abs":0.0,"profit_total":0.0,"profit_total_pct":0.0,"duration_avg":"0:00","wins":0,"draws":0,"losses":0,"winrate":0.0,"cagr":0.0,"expectancy":0.0,"expectancy_ratio":100.0,"sortino":0,"sharpe":0,"calmar":0,"sqn":0.0,"profit_factor":0.0,"max_drawdown_account":0.0,"max_drawdown_abs":0.0}],"total_trades":3,"trade_count_long":3,"trade_count_short":0,"total_volume":11474.950797309999,"avg_stake_amount":1959.5456533333333,"profit_mean":-0.05187344825360205,"profit_median":-0.05187180061998879,"profit_total":-0.030525009731,"profit_total_long":-0.030525009731,"profit_total_short":0.0,"profit_total_abs":-305.25009731,"profit_total_long_abs":-305.25009731,"profit_total_short_abs":0.0,"cagr":-0.11572883483742091,"expectancy":-101.75003243666667,"expectancy_ratio":-1.0,"sortino":-74.12624872894472,"sharpe":-74.12624872894472,"calmar":-20.766275189720464,"sqn":-168.2702,"profit_factor":0.0,"backtest_start":"2023-11-01 00:00:00","backtest_start_ts":1698796800000,"backtest_end":"2024-02-01 00:00:00","backtest_end_ts":1706745600000,"backtest_days":92,"backtest_run_start_ts":1765276938,"backtest_run_end_ts":1765276943,"trades_per_day":0.03,"market_change":0.32683142100617846,"pairlist":["BNB/USDT"],"stake_amount":"unlimited","stake_currency":"USDT","stake_currency_decimals":3,"starting_balance":10000,"dry_run_wallet":10000,"final_balance":9694.74990269,"rejected_signals":0,"timedout_entry_orders":0,"timedout_exit_orders":0,"canceled_trade_entries":0,"canceled_entry_orders":0,"replaced_entry_orders":0,"max_open_trades":1,"max_open_trades_setting":5,"timeframe":"1h","timeframe_detail":"","timerange":"20231101-20240201","enable_protections":false,"strategy_name":"FreqAIStrategy","stoploss":-0.05,"trailing_stop":false,"trailing_stop_positive":null,"trailing_stop_positive_offset":0.0,"trailing_only_offset_is_reached":false,"use_custom_stoploss":false,"minimal_roi":{},"use_exit_signal":true,"exit_profit_only":false,"exit_profit_offset":0.0,"ignore_roi_if_entry_signal":false,"trading_mode":"spot","margin_mode":"","periodic_breakdown":{"day":[{"date":"03/01/2024","date_ts":1704240000000,"profit_abs":-102.79777968,"wins":0,"draws":0,"losses":1,"trades":1,"profit_factor":0.0},{"date":"04/01/2024","date_ts":1704326400000,"profit_abs":0.0,"wins":0,"draws":0,"losses":0,"trades":0,"profit_factor":0.0},{"date":"05/01/2024","date_ts":1704412800000,"profit_abs":0.0,"wins":0,"draws":0,"losses":0,"trades":0,"profit_factor":0.0},{"date":"06/01/2024","date_ts":1704499200000,"profit_abs":-101.74921908,"wins":0,"draws":0,"losses":1,"trades":1,"profit_factor":0.0},{"date":"07/01/2024","date_ts":1704585600000,"profit_abs":0.0,"wins":0,"draws":0,"losses":0,"trades":0,"profit_factor":0.0},{"date":"08/01/2024","date_ts":1704672000000,"profit_abs":0.0,"wins":0,"draws":0,"losses":0,"trades":0,"profit_factor":0.0},{"date":"09/01/2024","date_ts":1704758400000,"profit_abs":0.0,"wins":0,"draws":0,"losses":0,"trades":0,"profit_factor":0.0},{"date":"10/01/2024","date_ts":1704844800000,"profit_abs":0.0,"wins":0,"draws":0,"losses":0,"trades":0,"profit_factor":0.0},{"date":"11/01/2024","date_ts":1704931200000,"profit_abs":0.0,"wins":0,"draws":0,"losses":0,"trades":0,"profit_factor":0.0},{"date":"12/01/2024","date_ts":1705017600000,"profit_abs":0.0,"wins":0,"draws":0,"losses":0,"trades":0,"profit_factor":0.0},{"date":"13/01/2024","date_ts":1705104000000,"profit_abs":0.0,"wins":0,"draws":0,"losses":0,"trades":0,"profit_factor":0.0},{"date":"14/01/2024","date_ts":1705190400000,"profit_abs":0.0,"wins":0,"draws":0,"losses":0,"trades":0,"profit_factor":0.0},{"date":"15/01/2024","date_ts":1705276800000,"profit_abs":0.0,"wins":0,"draws":0,"losses":0,"trades":0,"profit_factor":0.0},{"date":"16/01/2024","date_ts":1705363200000,"profit_abs":0.0,"wins":0,"draws":0,"losses":0,"trades":0,"profit_factor":0.0},{"date":"17/01/2024","date_ts":1705449600000,"profit_abs":0.0,"wins":0,"draws":0,"losses":0,"trades":0,"profit_factor":0.0},{"date":"18/01/2024","date_ts":1705536000000,"profit_abs":0.0,"wins":0,"draws":0,"losses":0,"trades":0,"profit_factor":0.0},{"date":"19/01/2024","date_ts":1705622400000,"profit_abs":0.0,"wins":0,"draws":0,"losses":0,"trades":0,"profit_factor":0.0},{"date":"20/01/2024","date_ts":1705708800000,"profit_abs":0.0,"wins":0,"draws":0,"losses":0,"trades":0,"profit_factor":0.0},{"date":"21/01/2024","date_ts":1705795200000,"profit_abs":0.0,"wins":0,"draws":0,"losses":0,"trades":0,"profit_factor":0.0},{"date":"22/01/2024","date_ts":1705881600000,"profit_abs":0.0,"wins":0,"draws":0,"losses":0,"trades":0,"profit_factor":0.0},{"date":"23/01/2024","date_ts":1705968000000,"profit_abs":0.0,"wins":0,"draws":0,"losses":0,"trades":0,"profit_factor":0.0},{"date":"24/01/2024","date_ts":1706054400000,"profit_abs":0.0,"wins":0,"draws":0,"losses":0,"trades":0,"profit_factor":0.0},{"date":"25/01/2024","date_ts":1706140800000,"profit_abs":-100.70309855,"wins":0,"draws":0,"losses":1,"trades":1,"profit_factor":0.0}],"week":[{"date":"08/01/2024","date_ts":1704672000000,"profit_abs":-204.54699876,"wins":0,"draws":0,"losses":2,"trades":2,"profit_factor":0.0},{"date":"15/01/2024","date_ts":1705276800000,"profit_abs":0.0,"wins":0,"draws":0,"losses":0,"trades":0,"profit_factor":0.0},{"date":"22/01/2024","date_ts":1705881600000,"profit_abs":0.0,"wins":0,"draws":0,"losses":0,"trades":0,"profit_factor":0.0},{"date":"29/01/2024","date_ts":1706486400000,"profit_abs":-100.70309855,"wins":0,"draws":0,"losses":1,"trades":1,"profit_factor":0.0}],"month":[{"date":"31/01/2024","date_ts":1706659200000,"profit_abs":-305.25009731,"wins":0,"draws":0,"losses":3,"trades":3,"profit_factor":0.0}],"year":[{"date":"31/12/2024","date_ts":1735603200000,"profit_abs":-305.25009731,"wins":0,"draws":0,"losses":3,"trades":3,"profit_factor":0.0}]},"backtest_best_day":0.0,"backtest_worst_day":-0.05187758181779629,"backtest_best_day_abs":0.0,"backtest_worst_day_abs":-102.79777968,"winning_days":0,"draw_days":20,"losing_days":3,"daily_profit":[["2024-01-03",-102.79777968],["2024-01-04",0.0],["2024-01-05",0.0],["2024-01-06",-101.74921908],["2024-01-07",0.0],["2024-01-08",0.0],["2024-01-09",0.0],["2024-01-10",0.0],["2024-01-11",0.0],["2024-01-12",0.0],["2024-01-13",0.0],["2024-01-14",0.0],["2024-01-15",0.0],["2024-01-16",0.0],["2024-01-17",0.0],["2024-01-18",0.0],["2024-01-19",0.0],["2024-01-20",0.0],["2024-01-21",0.0],["2024-01-22",0.0],["2024-01-23",0.0],["2024-01-24",0.0],["2024-01-25",-100.70309855]],"wins":0,"losses":3,"draws":0,"winrate":0.0,"holding_avg":"7 days, 7:40:00","holding_avg_s":632400.0,"winner_holding_min":"0d 00:00","winner_holding_min_s":0.0,"winner_holding_max":"0d 00:00","winner_holding_max_s":0.0,"winner_holding_avg":"0d 00:00","winner_holding_avg_s":0.0,"loser_holding_min":"0d 11:00","loser_holding_min_s":39600.0,"loser_holding_max":"18d 18:00","loser_holding_max_s":1620000.0,"loser_holding_avg":"7d 07:40","loser_holding_avg_s":632400.0,"max_consecutive_wins":0,"max_consecutive_losses":3,"max_drawdown_account":0.030525009730999954,"max_relative_drawdown":0.030525009730999954,"max_drawdown_abs":305.25009731,"drawdown_start":"2024-01-03 12:00:00","drawdown_start_ts":1704283200000.0,"drawdown_end":"2024-01-25 02:00:00","drawdown_end_ts":1706148000000.0,"max_drawdown_low":-305.25009731,"max_drawdown_high":-102.79777968,"csum_min":9694.74990269,"csum_max":9897.20222032}},"strategy_comparison":[{"key":"FreqAIStrategy","trades":3,"profit_mean":-0.05187344825360205,"profit_mean_pct":-5.19,"profit_sum":-0.15562034476080616,"profit_sum_pct":-15.56,"profit_total_abs":-305.25009731,"profit_total":-0.030525009731,"profit_total_pct":-3.05,"duration_avg":"7 days, 7:40:00","wins":0,"draws":0,"losses":3,"winrate":0.0,"cagr":-0.11572883483742091,"expectancy":-101.75003243666667,"expectancy_ratio":-1.0,"sortino":-74.12624872894472,"sharpe":-74.12624872894472,"calmar":-20.766275189720464,"sqn":-168.2702,"profit_factor":0.0,"max_drawdown_account":0.030525009730999954,"max_drawdown_abs":"305.25"}]}