{"strategy":{"FreqAIStrategy":{"trades":[{"pair":"BNB/USDT:USDT","stake_amount":58.2296,"max_stake_amount":58.2296,"amount":0.13,"open_date":"2024-03-07 15:00:00+00:00","close_date":"2024-03-08 00:00:00+00:00","open_rate":447.92,"close_rate":467.58,"fee_open":0.0005,"fee_close":0.0005,"trade_duration":540,"profit_ratio":0.04283288738116825,"profit_abs":2.49538897,"exit_reason":"trailing_stop_loss","initial_stop_loss_abs":434.49,"initial_stop_loss_ratio":-0.03,"stop_loss_abs":467.58,"stop_loss_ratio":-0.02,"min_rate":443.76,"max_rate":477.28,"is_open":false,"enter_tag":"","leverage":1.0,"is_short":false,"open_timestamp":1709823600000,"close_timestamp":1709856000000,"orders":[{"amount":0.13,"safe_price":447.92,"ft_order_side":"buy","order_filled_timestamp":1709823600000,"ft_is_entry":true,"ft_order_tag":"","cost":58.2587148},{"amount":0.13,"safe_price":467.58,"ft_order_side":"sell","order_filled_timestamp":1709856000000,"ft_is_entry":false,"ft_order_tag":"trailing_stop_loss","cost":60.8157927}],"funding_fees":-0.000903526897},{"pair":"BNB/USDT:USDT","stake_amount":56.5332,"max_stake_amount":56.5332,"amount":0.12,"open_date":"2024-03-08 01:00:00+00:00","close_date":"2024-03-10 07:00:00+00:00","open_rate":471.11,"close_rate":494.8,"fee_open":0.0005,"fee_close":0.0005,"trade_duration":3240,"profit_ratio":0.04988503374486403,"profit_abs":2.82157067,"exit_reason":"trailing_stop_loss","initial_stop_loss_abs":456.98,"initial_stop_loss_ratio":-0.03,"stop_loss_abs":494.8,"stop_loss_ratio":-0.02,"min_rate":462.0,"max_rate":504.89,"is_open":false,"enter_tag":"","leverage":1.0,"is_short":false,"open_timestamp":1709859600000,"close_timestamp":1710054000000,"orders":[{"amount":0.12,"safe_price":471.11,"ft_order_side":"buy","order_filled_timestamp":1709859600000,"ft_is_entry":true,"ft_order_tag":"","cost":56.561466599999996},{"amount":0.12,"safe_price":494.8,"ft_order_side":"sell","order_filled_timestamp":1710054000000,"ft_is_entry":false,"ft_order_tag":"trailing_stop_loss","cost":59.405688}],"funding_fees":0.036725270160534874},{"pair":"BNB/USDT:USDT","stake_amount":55.4279,"max_stake_amount":55.4279,"amount":0.11,"open_date":"2024-03-10 08:00:00+00:00","close_date":"2024-03-10 09:00:00+00:00","open_rate":503.89,"close_rate":525.36,"fee_open":0.0005,"fee_close":0.0005,"trade_duration":60,"profit_ratio":0.04156641836259032,"profit_abs":2.30509125,"exit_reason":"trailing_stop_loss","initial_stop_loss_abs":488.78,"initial_stop_loss_ratio":-0.03,"stop_loss_abs":525.36,"stop_loss_ratio":-0.02,"min_rate":501.23,"max_rate":536.08,"is_open":false,"enter_tag":"","leverage":1.0,"is_short":false,"open_timestamp":1710057600000,"close_timestamp":1710061200000,"orders":[{"amount":0.11,"safe_price":503.89,"ft_order_side":"buy","order_filled_timestamp":1710057600000,"ft_is_entry":true,"ft_order_tag":"","cost":55.45561395},{"amount":0.11,"safe_price":525.36,"ft_order_side":"sell","order_filled_timestamp":1710061200000,"ft_is_entry":false,"ft_order_tag":"trailing_stop_loss","cost":57.818494799999996}],"funding_fees":0.0},{"pair":"BNB/USDT:USDT","stake_amount":57.7973,"max_stake_amount":57.7973,"amount":0.11,"open_date":"2024-03-10 10:00:00+00:00","close_date":"2024-03-11 00:00:00+00:00","open_rate":525.43,"close_rate":509.67,"fee_open":0.0005,"fee_close":0.0005,"trade_duration":840,"profit_ratio":-0.031323573264140196,"profit_abs":-1.81132317,"exit_reason":"stop_loss","initial_stop_loss_abs":509.67,"initial_stop_loss_ratio":-0.03,"stop_loss_abs":509.67,"stop_loss_ratio":-0.03,"min_rate":504.57,"max_rate":538.56,"is_open":false,"enter_tag":"","leverage":1.0,"is_short":false,"open_timestamp":1710064800000,"close_timestamp":1710115200000,"orders":[{"amount":0.11,"safe_price":525.43,"ft_order_side":"buy","order_filled_timestamp":1710064800000,"ft_is_entry":true,"ft_order_tag":"","cost":57.82619864999999},{"amount":0.11,"safe_price":509.67,"ft_order_side":"sell","order_filled_timestamp":1710115200000,"ft_is_entry":false,"ft_order_tag":"stop_loss","cost":56.09173185}],"funding_fees":-0.020792670976000002},{"pair":"BNB/USDT:USDT","stake_amount":57.0009,"max_stake_amount":57.0009,"amount":0.11,"open_date":"2024-03-11 01:00:00+00:00","close_date":"2024-03-12 14:00:00+00:00","open_rate":518.19,"close_rate":537.9,"fee_open":0.0005,"fee_close":0.0005,"trade_duration":2220,"profit_ratio":0.03612562018438684,"profit_abs":2.06022246,"exit_reason":"trailing_stop_loss","initial_stop_loss_abs":502.65,"initial_stop_loss_ratio":-0.03,"stop_loss_abs":537.9,"stop_loss_ratio":-0.02,"min_rate":509.0,"max_rate":548.87,"is_open":false,"enter_tag":"","leverage":1.0,"is_short":false,"open_timestamp":1710118800000,"close_timestamp":1710252000000,"orders":[{"amount":0.11,"safe_price":518.19,"ft_order_side":"buy","order_filled_timestamp":1710118800000,"ft_is_entry":true,"ft_order_tag":"","cost":57.029400450000004},{"amount":0.11,"safe_price":537.9,"ft_order_side":"sell","order_filled_timestamp":1710252000000,"ft_is_entry":false,"ft_order_tag":"trailing_stop_loss","cost":59.198584499999996}],"funding_fees":-0.049792593644917796},{"pair":"BNB/USDT:USDT","stake_amount":58.703,"max_stake_amount":58.703,"amount":0.1,"open_date":"2024-03-13 11:00:00+00:00","close_date":"2024-03-13 22:00:00+00:00","open_rate":587.03,"close_rate":606.49,"fee_open":0.0005,"fee_close":0.0005,"trade_duration":660,"profit_ratio":0.03144477673433525,"profit_abs":1.84682568,"exit_reason":"trailing_stop_loss","initial_stop_loss_abs":569.42,"initial_stop_loss_ratio":-0.03,"stop_loss_abs":606.49,"stop_loss_ratio":-0.02,"min_rate":578.0,"max_rate":618.86,"is_open":false,"enter_tag":"","leverage":1.0,"is_short":false,"open_timestamp":1710327600000,"close_timestamp":1710367200000,"orders":[{"amount":0.1,"safe_price":587.03,"ft_order_side":"buy","order_filled_timestamp":1710327600000,"ft_is_entry":true,"ft_order_tag":"","cost":58.7323515},{"amount":0.1,"safe_price":606.49,"ft_order_side":"sell","order_filled_timestamp":1710367200000,"ft_is_entry":false,"ft_order_tag":"trailing_stop_loss","cost":60.6793245}],"funding_fees":-0.039498321666627506},{"pair":"BNB/USDT:USDT","stake_amount":55.4121,"max_stake_amount":55.4121,"amount":0.09,"open_date":"2024-03-13 23:00:00+00:00","close_date":"2024-03-14 13:00:00+00:00","open_rate":615.69,"close_rate":597.22,"fee_open":0.0005,"fee_close":0.0005,"trade_duration":840,"profit_ratio":-0.03176725904148433,"profit_abs":-1.76117068,"exit_reason":"stop_loss","initial_stop_loss_abs":597.22,"initial_stop_loss_ratio":-0.03,"stop_loss_abs":597.22,"stop_loss_ratio":-0.03,"min_rate":586.98,"max_rate":634.68,"is_open":false,"enter_tag":"","leverage":1.0,"is_short":false,"open_timestamp":1710370800000,"close_timestamp":1710421200000,"orders":[{"amount":0.09,"safe_price":615.69,"ft_order_side":"buy","order_filled_timestamp":1710370800000,"ft_is_entry":true,"ft_order_tag":"","cost":55.43980605},{"amount":0.09,"safe_price":597.22,"ft_order_side":"sell","order_filled_timestamp":1710421200000,"ft_is_entry":false,"ft_order_tag":"stop_loss","cost":53.776674899999996}],"funding_fees":-0.04428973473889687},{"pair":"BNB/USDT:USDT","stake_amount":59.393,"max_stake_amount":59.393,"amount":0.1,"open_date":"2024-03-14 14:00:00+00:00","close_date":"2024-03-14 19:00:00+00:00","open_rate":593.93,"close_rate":576.12,"fee_open":0.0005,"fee_close":0.0005,"trade_duration":300,"profit_ratio":-0.0315578570218536,"profit_abs":-1.87525296,"exit_reason":"stop_loss","initial_stop_loss_abs":576.12,"initial_stop_loss_ratio":-0.03,"stop_loss_abs":576.12,"stop_loss_ratio":-0.03,"min_rate":565.55,"max_rate":604.57,"is_open":false,"enter_tag":"","leverage":1.0,"is_short":false,"open_timestamp":1710424800000,"close_timestamp":1710442800000,"orders":[{"amount":0.1,"safe_price":593.93,"ft_order_side":"buy","order_filled_timestamp":1710424800000,"ft_is_entry":true,"ft_order_tag":"","cost":59.4226965},{"amount":0.1,"safe_price":576.12,"ft_order_side":"sell","order_filled_timestamp":1710442800000,"ft_is_entry":false,"ft_order_tag":"stop_loss","cost":57.640806}],"funding_fees":-0.0357504562350626},{"pair":"BNB/USDT:USDT","stake_amount":60.042,"max_stake_amount":60.042,"amount":0.1,"open_date":"2024-03-14 22:00:00+00:00","close_date":"2024-03-15 02:00:00+00:00","open_rate":600.42,"close_rate":582.41,"fee_open":0.0005,"fee_close":0.0005,"trade_duration":240,"profit_ratio":-0.031082383927119747,"profit_abs":-1.86718162,"exit_reason":"stop_loss","initial_stop_loss_abs":582.41,"initial_stop_loss_ratio":-0.03,"stop_loss_abs":582.41,"stop_loss_ratio":-0.03,"min_rate":570.56,"max_rate":612.99,"is_open":false,"enter_tag":"","leverage":1.0,"is_short":false,"open_timestamp":1710453600000,"close_timestamp":1710468000000,"orders":[{"amount":0.1,"safe_price":600.42,"ft_order_side":"buy","order_filled_timestamp":1710453600000,"ft_is_entry":true,"ft_order_tag":"","cost":60.072021},{"amount":0.1,"safe_price":582.41,"ft_order_side":"sell","order_filled_timestamp":1710468000000,"ft_is_entry":false,"ft_order_tag":"stop_loss","cost":58.2701205}],"funding_fees":-0.007040117139258142},{"pair":"BNB/USDT:USDT","stake_amount":58.475,"max_stake_amount":58.475,"amount":0.1,"open_date":"2024-03-15 03:00:00+00:00","close_date":"2024-03-15 03:00:00+00:00","open_rate":584.75,"close_rate":567.21,"fee_open":0.0005,"fee_close":0.0005,"trade_duration":0,"profit_ratio":-0.030965244184235373,"profit_abs":-1.811598,"exit_reason":"stop_loss","initial_stop_loss_abs":567.21,"initial_stop_loss_ratio":-0.03,"stop_loss_abs":567.21,"stop_loss_ratio":-0.03,"min_rate":565.0,"max_rate":588.12,"is_open":false,"enter_tag":"","leverage":1.0,"is_short":false,"open_timestamp":1710471600000,"close_timestamp":1710471600000,"orders":[{"amount":0.1,"safe_price":584.75,"ft_order_side":"buy","order_filled_timestamp":1710471600000,"ft_is_entry":true,"ft_order_tag":"","cost":58.504237499999995},{"amount":0.1,"safe_price":567.21,"ft_order_side":"sell","order_filled_timestamp":1710471600000,"ft_is_entry":false,"ft_order_tag":"stop_loss","cost":56.7493605}],"funding_fees":0.0},{"pair":"BNB/USDT:USDT","stake_amount":55.1934,"max_stake_amount":55.1934,"amount":0.09,"open_date":"2024-03-15 19:00:00+00:00","close_date":"2024-03-15 19:00:00+00:00","open_rate":613.26,"close_rate":594.87,"fee_open":0.0005,"fee_close":0.0005,"trade_duration":0,"profit_ratio":-0.030956809042890745,"profit_abs":-1.70946585,"exit_reason":"stop_loss","initial_stop_loss_abs":594.87,"initial_stop_loss_ratio":-0.03,"stop_loss_abs":594.87,"stop_loss_ratio":-0.03,"min_rate":592.9,"max_rate":614.39,"is_open":false,"enter_tag":"","leverage":1.0,"is_short":false,"open_timestamp":1710529200000,"close_timestamp":1710529200000,"orders":[{"amount":0.09,"safe_price":613.26,"ft_order_side":"buy","order_filled_timestamp":1710529200000,"ft_is_entry":true,"ft_order_tag":"","cost":55.22099669999999},{"amount":0.09,"safe_price":594.87,"ft_order_side":"sell","order_filled_timestamp":1710529200000,"ft_is_entry":false,"ft_order_tag":"stop_loss","cost":53.56506915}],"funding_fees":0.0},{"pair":"BNB/USDT:USDT","stake_amount":53.7696,"max_stake_amount":53.7696,"amount":0.09,"open_date":"2024-03-15 20:00:00+00:00","close_date":"2024-03-15 23:00:00+00:00","open_rate":597.44,"close_rate":623.4,"fee_open":0.0005,"fee_close":0.0005,"trade_duration":180,"profit_ratio":0.04240913153492884,"profit_abs":2.2814622,"exit_reason":"trailing_stop_loss","initial_stop_loss_abs":579.52,"initial_stop_loss_ratio":-0.03,"stop_loss_abs":623.4,"stop_loss_ratio":-0.02,"min_rate":582.1,"max_rate":636.12,"is_open":false,"enter_tag":"","leverage":1.0,"is_short":false,"open_timestamp":1710532800000,"close_timestamp":1710543600000,"orders":[{"amount":0.09,"safe_price":597.44,"ft_order_side":"buy","order_filled_timestamp":1710532800000,"ft_is_entry":true,"ft_order_tag":"","cost":53.7964848},{"amount":0.09,"safe_price":623.4,"ft_order_side":"sell","order_filled_timestamp":1710543600000,"ft_is_entry":false,"ft_order_tag":"trailing_stop_loss","cost":56.134052999999994}],"funding_fees":0.0},{"pair":"BNB/USDT:USDT","stake_amount":56.9718,"max_stake_amount":56.9718,"amount":0.09,"open_date":"2024-03-16 00:00:00+00:00","close_date":"2024-03-16 01:00:00+00:00","open_rate":633.02,"close_rate":614.03,"fee_open":0.0005,"fee_close":0.0005,"trade_duration":60,"profit_ratio":-0.031106451695885263,"profit_abs":-1.77307664,"exit_reason":"stop_loss","initial_stop_loss_abs":614.03,"initial_stop_loss_ratio":-0.03,"stop_loss_abs":614.03,"stop_loss_ratio":-0.03,"min_rate":612.13,"max_rate":646.09,"is_open":false,"enter_tag":"","leverage":1.0,"is_short":false,"open_timestamp":1710547200000,"close_timestamp":1710550800000,"orders":[{"amount":0.09,"safe_price":633.02,"ft_order_side":"buy","order_filled_timestamp":1710547200000,"ft_is_entry":true,"ft_order_tag":"","cost":57.000285899999994},{"amount":0.09,"safe_price":614.03,"ft_order_side":"sell","order_filled_timestamp":1710550800000,"ft_is_entry":false,"ft_order_tag":"stop_loss","cost":55.290331349999995}],"funding_fees":-0.007859393684999999},{"pair":"BNB/USDT:USDT","stake_amount":55.4427,"max_stake_amount":55.4427,"amount":0.09,"open_date":"2024-03-16 02:00:00+00:00","close_date":"2024-03-16 13:00:00+00:00","open_rate":616.03,"close_rate":597.55,"fee_open":0.0005,"fee_close":0.0005,"trade_duration":660,"profit_ratio":-0.031212928942354244,"profit_abs":-1.73139432,"exit_reason":"stop_loss","initial_stop_loss_abs":597.55,"initial_stop_loss_ratio":-0.03,"stop_loss_abs":597.55,"stop_loss_ratio":-0.03,"min_rate":592.27,"max_rate":624.86,"is_open":false,"enter_tag":"","leverage":1.0,"is_short":false,"open_timestamp":1710554400000,"close_timestamp":1710594000000,"orders":[{"amount":0.09,"safe_price":616.03,"ft_order_side":"buy","order_filled_timestamp":1710554400000,"ft_is_entry":true,"ft_order_tag":"","cost":55.470421349999995},{"amount":0.09,"safe_price":597.55,"ft_order_side":"sell","order_filled_timestamp":1710594000000,"ft_is_entry":false,"ft_order_tag":"stop_loss","cost":53.80638974999999}],"funding_fees":-0.013583216997000002},{"pair":"BNB/USDT:USDT","stake_amount":58.2021,"max_stake_amount":58.2021,"amount":0.11,"open_date":"2024-03-20 14:00:00+00:00","close_date":"2024-03-20 16:00:00+00:00","open_rate":529.11,"close_rate":513.24,"fee_open":0.0005,"fee_close":0.0005,"trade_duration":120,"profit_ratio":-0.031056860538513656,"profit_abs":-1.80847829,"exit_reason":"stop_loss","initial_stop_loss_abs":513.24,"initial_stop_loss_ratio":-0.03,"stop_loss_abs":513.24,"stop_loss_ratio":-0.03,"min_rate":505.0,"max_rate":531.4,"is_open":false,"enter_tag":"","leverage":1.0,"is_short":false,"open_timestamp":1710943200000,"close_timestamp":1710950400000,"orders":[{"amount":0.11,"safe_price":529.11,"ft_order_side":"buy","order_filled_timestamp":1710943200000,"ft_is_entry":true,"ft_order_tag":"","cost":58.231201049999996},{"amount":0.11,"safe_price":513.24,"ft_order_side":"sell","order_filled_timestamp":1710950400000,"ft_is_entry":false,"ft_order_tag":"stop_loss","cost":56.484628199999996}],"funding_fees":-0.00544903698339594},{"pair":"BNB/USDT:USDT","stake_amount":55.7,"max_stake_amount":55.7,"amount":0.1,"open_date":"2024-03-21 00:00:00+00:00","close_date":"2024-03-22 08:00:00+00:00","open_rate":557.0,"close_rate":575.26,"fee_open":0.0005,"fee_close":0.0005,"trade_duration":1920,"profit_ratio":0.031350919333869874,"profit_abs":1.74711933,"exit_reason":"trailing_stop_loss","initial_stop_loss_abs":540.29,"initial_stop_loss_ratio":-0.03,"stop_loss_abs":575.26,"stop_loss_ratio":-0.02,"min_rate":541.11,"max_rate":586.99,"is_open":false,"enter_tag":"","leverage":1.0,"is_short":false,"open_timestamp":1710979200000,"close_timestamp":1711094400000,"orders":[{"amount":0.1,"safe_price":557.0,"ft_order_side":"buy","order_filled_timestamp":1710979200000,"ft_is_entry":true,"ft_order_tag":"","cost":55.72785},{"amount":0.1,"safe_price":575.26,"ft_order_side":"sell","order_filled_timestamp":1711094400000,"ft_is_entry":false,"ft_order_tag":"trailing_stop_loss","cost":57.554763}],"funding_fees":-0.022267668601405194},{"pair":"BNB/USDT:USDT","stake_amount":57.883,"max_stake_amount":57.883,"amount":0.1,"open_date":"2024-03-22 09:00:00+00:00","close_date":"2024-03-22 12:00:00+00:00","open_rate":578.83,"close_rate":561.47,"fee_open":0.0005,"fee_close":0.0005,"trade_duration":180,"profit_ratio":-0.030961058350979308,"profit_abs":-1.793015,"exit_reason":"stop_loss","initial_stop_loss_abs":561.47,"initial_stop_loss_ratio":-0.03,"stop_loss_abs":561.47,"stop_loss_ratio":-0.03,"min_rate":560.86,"max_rate":587.86,"is_open":false,"enter_tag":"","leverage":1.0,"is_short":false,"open_timestamp":1711098000000,"close_timestamp":1711108800000,"orders":[{"amount":0.1,"safe_price":578.83,"ft_order_side":"buy","order_filled_timestamp":1711098000000,"ft_is_entry":true,"ft_order_tag":"","cost":57.911941500000005},{"amount":0.1,"safe_price":561.47,"ft_order_side":"sell","order_filled_timestamp":1711108800000,"ft_is_entry":false,"ft_order_tag":"stop_loss","cost":56.1750735}],"funding_fees":0.0},{"pair":"BNB/USDT:USDT","stake_amount":56.23,"max_stake_amount":56.23,"amount":0.1,"open_date":"2024-03-22 13:00:00+00:00","close_date":"2024-03-22 14:00:00+00:00","open_rate":562.3,"close_rate":545.44,"fee_open":0.0005,"fee_close":0.0005,"trade_duration":60,"profit_ratio":-0.030953525549158555,"profit_abs":-1.741387,"exit_reason":"stop_loss","initial_stop_loss_abs":545.44,"initial_stop_loss_ratio":-0.03,"stop_loss_abs":545.44,"stop_loss_ratio":-0.03,"min_rate":542.09,"max_rate":564.15,"is_open":false,"enter_tag":"","leverage":1.0,"is_short":false,"open_timestamp":1711112400000,"close_timestamp":1711116000000,"orders":[{"amount":0.1,"safe_price":562.3,"ft_order_side":"buy","order_filled_timestamp":1711112400000,"ft_is_entry":true,"ft_order_tag":"","cost":56.258115},{"amount":0.1,"safe_price":545.44,"ft_order_side":"sell","order_filled_timestamp":1711116000000,"ft_is_entry":false,"ft_order_tag":"stop_loss","cost":54.57127200000001}],"funding_fees":0.0},{"pair":"BNB/USDT:USDT","stake_amount":54.263,"max_stake_amount":54.263,"amount":0.1,"open_date":"2024-03-22 15:00:00+00:00","close_date":"2024-03-25 12:00:00+00:00","open_rate":542.63,"close_rate":578.09,"fee_open":0.0005,"fee_close":0.0005,"trade_duration":4140,"profit_ratio":0.06289199281088498,"profit_abs":3.41441456,"exit_reason":"trailing_stop_loss","initial_stop_loss_abs":526.36,"initial_stop_loss_ratio":-0.03,"stop_loss_abs":578.09,"stop_loss_ratio":-0.02,"min_rate":534.5,"max_rate":589.88,"is_open":false,"enter_tag":"","leverage":1.0,"is_short":false,"open_timestamp":1711119600000,"close_timestamp":1711368000000,"orders":[{"amount":0.1,"safe_price":542.63,"ft_order_side":"buy","order_filled_timestamp":1711119600000,"ft_is_entry":true,"ft_order_tag":"","cost":54.2901315},{"amount":0.1,"safe_price":578.09,"ft_order_side":"sell","order_filled_timestamp":1711368000000,"ft_is_entry":false,"ft_order_tag":"trailing_stop_loss","cost":57.8379045}],"funding_fees":-0.07554943645703807},{"pair":"BNB/USDT:USDT","stake_amount":57.864,"max_stake_amount":57.864,"amount":0.1,"open_date":"2024-03-25 13:00:00+00:00","close_date":"2024-03-29 04:00:00+00:00","open_rate":578.64,"close_rate":601.99,"fee_open":0.0005,"fee_close":0.0005,"trade_duration":5220,"profit_ratio":0.03524639190842848,"profit_abs":2.04051697,"exit_reason":"trailing_stop_loss","initial_stop_loss_abs":561.29,"initial_stop_loss_ratio":-0.03,"stop_loss_abs":601.99,"stop_loss_ratio":-0.02,"min_rate":562.7,"max_rate":614.27,"is_open":false,"enter_tag":"","leverage":1.0,"is_short":false,"open_timestamp":1711371600000,"close_timestamp":1711684800000,"orders":[{"amount":0.1,"safe_price":578.64,"ft_order_side":"buy","order_filled_timestamp":1711371600000,"ft_is_entry":true,"ft_order_tag":"","cost":57.892932},{"amount":0.1,"safe_price":601.99,"ft_order_side":"sell","order_filled_timestamp":1711684800000,"ft_is_entry":false,"ft_order_tag":"trailing_stop_loss","cost":60.229099500000004}],"funding_fees":-0.2354515274572871}],"locks":[],"best_pair":{"key":"BNB/USDT:USDT","trades":20,"profit_mean":0.0015404610218420936,"profit_mean_pct":0.15,"profit_sum":0.030809220436841873,"profit_sum_pct":3.08,"profit_total_abs":1.3292685599999996,"profit_total":0.004430895199999999,"profit_total_pct":0.44,"duration_avg":"17:54:00","wins":9,"draws":0,"losses":11,"winrate":0.45,"cagr":0.005322351501637845,"expectancy":0.0664634279999996,"expectancy_ratio":0.03714296338351808,"sortino":1.6589283338540721,"sharpe":0.04019302831778706,"calmar":0.622997742026057,"sqn":0.1394,"profit_factor":1.0675326606973057,"max_drawdown_account":0.044696946410520515,"max_drawdown_abs":13.84343883},"worst_pair":{"key":"BNB/USDT:USDT","trades":20,"profit_mean":0.0015404610218420936,"profit_mean_pct":0.15,"profit_sum":0.030809220436841873,"profit_sum_pct":3.08,"profit_total_abs":1.3292685599999996,"profit_total":0.004430895199999999,"profit_total_pct":0.44,"duration_avg":"17:54:00","wins":9,"draws":0,"losses":11,"winrate":0.45,"cagr":0.005322351501637845,"expectancy":0.0664634279999996,"expectancy_ratio":0.03714296338351808,"sortino":1.6589283338540721,"sharpe":0.04019302831778706,"calmar":0.622997742026057,"sqn":0.1394,"profit_factor":1.0675326606973057,"max_drawdown_account":0.044696946410520515,"max_drawdown_abs":13.84343883},"results_per_pair":[{"key":"BNB/USDT:USDT","trades":20,"profit_mean":0.0015404610218420936,"profit_mean_pct":0.15,"profit_sum":0.030809220436841873,"profit_sum_pct":3.08,"profit_total_abs":1.3292685599999996,"profit_total":0.004430895199999999,"profit_total_pct":0.44,"duration_avg":"17:54:00","wins":9,"draws":0,"losses":11,"winrate":0.45,"cagr":0.005322351501637845,"expectancy":0.0664634279999996,"expectancy_ratio":0.03714296338351808,"sortino":1.6589283338540721,"sharpe":0.04019302831778706,"calmar":0.622997742026057,"sqn":0.1394,"profit_factor":1.0675326606973057,"max_drawdown_account":0.044696946410520515,"max_drawdown_abs":13.84343883},{"key":"TOTAL","trades":20,"profit_mean":0.0015404610218420936,"profit_mean_pct":0.15,"profit_sum":0.030809220436841873,"profit_sum_pct":3.08,"profit_total_abs":1.3292685599999996,"profit_total":0.004430895199999999,"profit_total_pct":0.44,"duration_avg":"17:54:00","wins":9,"draws":0,"losses":11,"winrate":0.45,"cagr":0.005322351501637845,"expectancy":0.0664634279999996,"expectancy_ratio":0.03714296338351808,"sortino":1.6589283338540721,"sharpe":0.04019302831778706,"calmar":0.622997742026057,"sqn":0.1394,"profit_factor":1.0675326606973057,"max_drawdown_account":0.044696946410520515,"max_drawdown_abs":13.84343883}],"results_per_enter_tag":[{"key":"","trades":20,"profit_mean":0.0015404610218420936,"profit_mean_pct":0.15,"profit_sum":0.030809220436841873,"profit_sum_pct":3.08,"profit_total_abs":1.3292685599999996,"profit_total":0.004430895199999999,"profit_total_pct":0.44,"duration_avg":"17:54:00","wins":9,"draws":0,"losses":11,"winrate":0.45,"cagr":0.005322351501637845,"expectancy":0.0664634279999996,"expectancy_ratio":0.03714296338351808,"sortino":1.6589283338540721,"sharpe":0.04019302831778706,"calmar":0.622997742026057,"sqn":0.1394,"profit_factor":1.0675326606973057,"max_drawdown_account":0.044696946410520515,"max_drawdown_abs":13.84343883},{"key":"TOTAL","trades":20,"profit_mean":0.0015404610218420936,"profit_mean_pct":0.15,"profit_sum":0.030809220436841873,"profit_sum_pct":3.08,"profit_total_abs":1.3292685599999996,"profit_total":0.004430895199999999,"profit_total_pct":0.44,"duration_avg":"17:54:00","wins":9,"draws":0,"losses":11,"winrate":0.45,"cagr":0.005322351501637845,"expectancy":0.0664634279999996,"expectancy_ratio":0.03714296338351808,"sortino":1.6589283338540721,"sharpe":0.04019302831778706,"calmar":0.622997742026057,"sqn":0.1394,"profit_factor":1.0675326606973057,"max_drawdown_account":0.044696946410520515,"max_drawdown_abs":13.84343883}],"exit_reason_summary":[{"key":"trailing_stop_loss","trades":9,"profit_mean":0.04152813022171743,"profit_mean_pct":4.15,"profit_sum":0.3737531719954569,"profit_sum_pct":37.38,"profit_total_abs":21.012612089999998,"profit_total":0.0700420403,"profit_total_pct":7.0,"duration_avg":"1 day, 9:40:00","wins":9,"draws":0,"losses":0,"winrate":1.0,"cagr":0.08467680100474939,"expectancy":2.3347346766666663,"expectancy_ratio":100.0,"sortino":-100,"sharpe":2.6846880234914563,"calmar":-100,"sqn":13.4253,"profit_factor":0.0,"max_drawdown_account":0.0,"max_drawdown_abs":0.0},{"key":"stop_loss","trades":11,"profit_mean":-0.031176722868964998,"profit_mean_pct":-3.12,"profit_sum":-0.34294395155861496,"profit_sum_pct":-34.29,"profit_total_abs":-19.683343530000002,"profit_total":-0.0656111451,"profit_total_pct":-6.56,"duration_avg":"5:00:00","wins":0,"draws":0,"losses":11,"winrate":0.0,"cagr":-0.07824863397245707,"expectancy":-1.7893948663636365,"expectancy_ratio":-1.0,"sortino":-24.564830064814167,"sharpe":-24.564830064814167,"calmar":-6.284530649520658,"sqn":-112.3694,"profit_factor":0.0,"max_drawdown_account":0.0656111451,"max_drawdown_abs":19.68334353},{"key":"TOTAL","trades":20,"profit_mean":0.0015404610218420936,"profit_mean_pct":0.15,"profit_sum":0.030809220436841873,"profit_sum_pct":3.08,"profit_total_abs":1.3292685599999996,"profit_total":0.004430895199999999,"profit_total_pct":0.44,"duration_avg":"17:54:00","wins":9,"draws":0,"losses":11,"winrate":0.45,"cagr":0.005322351501637845,"expectancy":0.0664634279999996,"expectancy_ratio":0.03714296338351808,"sortino":1.6589283338540721,"sharpe":0.04019302831778706,"calmar":0.622997742026057,"sqn":0.1394,"profit_factor":1.0675326606973057,"max_drawdown_account":0.044696946410520515,"max_drawdown_abs":13.84343883}],"mix_tag_stats":[{"key":["","trailing_stop_loss"],"trades":9,"profit_mean":0.04152813022171743,"profit_mean_pct":4.15,"profit_sum":0.3737531719954569,"profit_sum_pct":37.38,"profit_total_abs":21.012612089999998,"profit_total":0.0700420403,"profit_total_pct":7.0,"duration_avg":"1 day, 9:40:00","wins":9,"draws":0,"losses":0,"winrate":1.0,"cagr":0.08467680100474939,"expectancy":2.3347346766666663,"expectancy_ratio":100.0,"sortino":-100,"sharpe":2.6846880234914563,"calmar":-100,"sqn":13.4253,"profit_factor":0.0,"max_drawdown_account":0.0,"max_drawdown_abs":0.0},{"key":["","stop_loss"],"trades":11,"profit_mean":-0.031176722868964998,"profit_mean_pct":-3.12,"profit_sum":-0.34294395155861496,"profit_sum_pct":-34.29,"profit_total_abs":-19.683343530000002,"profit_total":-0.0656111451,"profit_total_pct":-6.56,"duration_avg":"5:00:00","wins":0,"draws":0,"losses":11,"winrate":0.0,"cagr":-0.07824863397245707,"expectancy":-1.7893948663636365,"expectancy_ratio":-1.0,"sortino":-24.564830064814167,"sharpe":-24.564830064814167,"calmar":-6.284530649520658,"sqn":-112.3694,"profit_factor":0.0,"max_drawdown_account":0.0656111451,"max_drawdown_abs":19.68334353},{"key":"TOTAL","trades":20,"profit_mean":0.0015404610218420936,"profit_mean_pct":0.15,"profit_sum":0.030809220436841873,"profit_sum_pct":3.08,"profit_total_abs":1.3292685599999996,"profit_total":0.004430895199999999,"profit_total_pct":0.44,"duration_avg":"17:54:00","wins":9,"draws":0,"losses":11,"winrate":0.45,"cagr":0.005322351501637845,"expectancy":0.0664634279999996,"expectancy_ratio":0.03714296338351808,"sortino":1.6589283338540721,"sharpe":0.04019302831778706,"calmar":0.622997742026057,"sqn":0.1394,"profit_factor":1.0675326606973057,"max_drawdown_account":0.044696946410520515,"max_drawdown_abs":13.84343883}],"left_open_trades":[{"key":"TOTAL","trades":0,"profit_mean":0.0,"profit_mean_pct":0.0,"profit_sum":0.0,"profit_sum_pct":0.0,"profit_total_abs":0.0,"profit_total":0.0,"profit_total_pct":0.0,"duration_avg":"0:00","wins":0,"draws":0,"losses":0,"winrate":0.0,"cagr":0.0,"expectancy":0.0,"expectancy_ratio":100.0,"sortino":0,"sharpe":0,"calmar":0,"sqn":0.0,"profit_factor":0.0,"max_drawdown_account":0.0,"max_drawdown_abs":0.0}],"total_trades":20,"trade_count_long":20,"trade_count_short":0,"total_volume":2281.198029,"avg_stake_amount":56.92668,"profit_mean":0.0015404610218420936,"profit_median":-0.030955167296024648,"profit_total":0.004430895199999999,"profit_total_long":0.004430895199999999,"profit_total_short":0.0,"profit_total_abs":1.3292685599999996,"profit_total_long_abs":1.3292685599999996,"profit_total_short_abs":0.0,"cagr":0.005322351501637845,"expectancy":0.0664634279999996,"expectancy_ratio":0.03714296338351808,"sortino":1.6589283338540721,"sharpe":0.04019302831778706,"calmar":0.622997742026057,"sqn":0.1394,"profit_factor":1.0675326606973057,"backtest_start":"2024-02-01 00:00:00","backtest_start_ts":1706745600000,"backtest_end":"2024-12-01 00:00:00","backtest_end_ts":1733011200000,"backtest_days":304,"backtest_run_start_ts":1765277815,"backtest_run_end_ts":1765277841,"trades_per_day":0.07,"market_change":1.1675314308521254,"pairlist":["BNB/USDT:USDT"],"stake_amount":"unlimited","stake_currency":"USDT","stake_currency_decimals":3,"starting_balance":300,"dry_run_wallet":300,"final_balance":301.32926856,"rejected_signals":0,"timedout_entry_orders":0,"timedout_exit_orders":0,"canceled_trade_entries":0,"canceled_entry_orders":0,"replaced_entry_orders":0,"max_open_trades":1,"max_open_trades_setting":5,"timeframe":"1h","timeframe_detail":"","timerange":"20240201-20241201","enable_protections":false,"strategy_name":"FreqAIStrategy","stoploss":-0.03,"trailing_stop":true,"trailing_stop_positive":0.02,"trailing_stop_positive_offset":0.05,"trailing_only_offset_is_reached":true,"use_custom_stoploss":false,"minimal_roi":{},"use_exit_signal":true,"exit_profit_only":false,"exit_profit_offset":0.0,"ignore_roi_if_entry_signal":false,"trading_mode":"futures","margin_mode":"isolated","periodic_breakdown":{"day":[{"date":"08/03/2024","date_ts":1709856000000,"profit_abs":2.49538897,"wins":1,"draws":0,"losses":0,"trades":1,"profit_factor":0.0},{"date":"09/03/2024","date_ts":1709942400000,"profit_abs":0.0,"wins":0,"draws":0,"losses":0,"trades":0,"profit_factor":0.0},{"date":"10/03/2024","date_ts":1710028800000,"profit_abs":5.12666192,"wins":2,"draws":0,"losses":0,"trades":2,"profit_factor":0.0},{"date":"11/03/2024","date_ts":1710115200000,"profit_abs":-1.81132317,"wins":0,"draws":0,"losses":1,"trades":1,"profit_factor":0.0},{"date":"12/03/2024","date_ts":1710201600000,"profit_abs":2.06022246,"wins":1,"draws":0,"losses":0,"trades":1,"profit_factor":0.0},{"date":"13/03/2024","date_ts":1710288000000,"profit_abs":1.84682568,"wins":1,"draws":0,"losses":0,"trades":1,"profit_factor":0.0},{"date":"14/03/2024","date_ts":1710374400000,"profit_abs":-3.63642364,"wins":0,"draws":0,"losses":2,"trades":2,"profit_factor":0.0},{"date":"15/03/2024","date_ts":1710460800000,"profit_abs":-3.10678327,"wins":1,"draws":0,"losses":3,"trades":4,"profit_factor":0.42341467},{"date":"16/03/2024","date_ts":1710547200000,"profit_abs":-3.50447096,"wins":0,"draws":0,"losses":2,"trades":2,"profit_factor":0.0},{"date":"17/03/2024","date_ts":1710633600000,"profit_abs":0.0,"wins":0,"draws":0,"losses":0,"trades":0,"profit_factor":0.0},{"date":"18/03/2024","date_ts":1710720000000,"profit_abs":0.0,"wins":0,"draws":0,"losses":0,"trades":0,"profit_factor":0.0},{"date":"19/03/2024","date_ts":1710806400000,"profit_abs":0.0,"wins":0,"draws":0,"losses":0,"trades":0,"profit_factor":0.0},{"date":"20/03/2024","date_ts":1710892800000,"profit_abs":-1.80847829,"wins":0,"draws":0,"losses":1,"trades":1,"profit_factor":0.0},{"date":"21/03/2024","date_ts":1710979200000,"profit_abs":0.0,"wins":0,"draws":0,"losses":0,"trades":0,"profit_factor":0.0},{"date":"22/03/2024","date_ts":1711065600000,"profit_abs":-1.78728267,"wins":1,"draws":0,"losses":2,"trades":3,"profit_factor":0.49431823},{"date":"23/03/2024","date_ts":1711152000000,"profit_abs":0.0,"wins":0,"draws":0,"losses":0,"trades":0,"profit_factor":0.0},{"date":"24/03/2024","date_ts":1711238400000,"profit_abs":0.0,"wins":0,"draws":0,"losses":0,"trades":0,"profit_factor":0.0},{"date":"25/03/2024","date_ts":1711324800000,"profit_abs":3.41441456,"wins":1,"draws":0,"losses":0,"trades":1,"profit_factor":0.0},{"date":"26/03/2024","date_ts":1711411200000,"profit_abs":0.0,"wins":0,"draws":0,"losses":0,"trades":0,"profit_factor":0.0},{"date":"27/03/2024","date_ts":1711497600000,"profit_abs":0.0,"wins":0,"draws":0,"losses":0,"trades":0,"profit_factor":0.0},{"date":"28/03/2024","date_ts":1711584000000,"profit_abs":0.0,"wins":0,"draws":0,"losses":0,"trades":0,"profit_factor":0.0},{"date":"29/03/2024","date_ts":1711670400000,"profit_abs":2.04051697,"wins":1,"draws":0,"losses":0,"trades":1,"profit_factor":0.0}],"week":[{"date":"11/03/2024","date_ts":1710115200000,"profit_abs":5.81072772,"wins":3,"draws":0,"losses":1,"trades":4,"profit_factor":4.20800165},{"date":"18/03/2024","date_ts":1710720000000,"profit_abs":-6.34062973,"wins":3,"draws":0,"losses":7,"trades":10,"profit_factor":0.49392938},{"date":"25/03/2024","date_ts":1711324800000,"profit_abs":-0.1813464,"wins":2,"draws":0,"losses":3,"trades":5,"profit_factor":0.96605831},{"date":"01/04/2024","date_ts":1711929600000,"profit_abs":2.04051697,"wins":1,"draws":0,"losses":0,"trades":1,"profit_factor":0.0}],"month":[{"date":"31/03/2024","date_ts":1711843200000,"profit_abs":1.32926856,"wins":9,"draws":0,"losses":11,"trades":20,"profit_factor":1.06753266}],"year":[{"date":"31/12/2024","date_ts":1735603200000,"profit_abs":1.32926856,"wins":9,"draws":0,"losses":11,"trades":20,"profit_factor":1.06753266}]},"backtest_best_day":0.09145145210745434,"backtest_worst_day":-0.06332511606333793,"backtest_best_day_abs":5.12666192,"backtest_worst_day_abs":-3.63642364,"winning_days":6,"draw_days":10,"losing_days":6,"daily_profit":[["2024-03-08",2.49538897],["2024-03-09",0.0],["2024-03-10",5.12666192],["2024-03-11",-1.81132317],["2024-03-12",2.06022246],["2024-03-13",1.84682568],["2024-03-14",-3.63642364],["2024-03-15",-3.10678327],["2024-03-16",-3.50447096],["2024-03-17",0.0],["2024-03-18",0.0],["2024-03-19",0.0],["2024-03-20",-1.80847829],["2024-03-21",0.0],["2024-03-22",-1.78728267],["2024-03-23",0.0],["2024-03-24",0.0],["2024-03-25",3.41441456],["2024-03-26",0.0],["2024-03-27",0.0],["2024-03-28",0.0],["2024-03-29",2.04051697]],"wins":9,"losses":11,"draws":0,"winrate":0.45,"holding_avg":"17:54:00","holding_avg_s":64440.0,"winner_holding_min":"0d 01:00","winner_holding_min_s":3600.0,"winner_holding_max":"3d 15:00","winner_holding_max_s":313200.0,"winner_holding_avg":"1d 09:40","winner_holding_avg_s":121200.0,"loser_holding_min":"0d 00:00","loser_holding_min_s":0.0,"loser_holding_max":"0d 14:00","loser_holding_max_s":50400.0,"loser_holding_avg":"0d 05:00","loser_holding_avg_s":18000.0,"max_consecutive_wins":3,"max_consecutive_losses":5,"max_drawdown_account":0.044696946410520515,"max_relative_drawdown":0.044696946410520515,"max_drawdown_abs":13.84343883,"drawdown_start":"2024-03-13 22:00:00","drawdown_start_ts":1710367200000.0,"drawdown_end":"2024-03-22 14:00:00","drawdown_end_ts":1711116000000.0,"max_drawdown_low":-4.125662969999999,"max_drawdown_high":9.717775860000001,"csum_min":295.87433703,"csum_max":309.71777586}},"strategy_comparison":[{"key":"FreqAIStrategy","trades":20,"profit_mean":0.0015404610218420936,"profit_mean_pct":0.15,"profit_sum":0.030809220436841873,"profit_sum_pct":3.08,"profit_total_abs":1.3292685599999996,"profit_total":0.004430895199999999,"profit_total_pct":0.44,"duration_avg":"17:54:00","wins":9,"draws":0,"losses":11,"winrate":0.45,"cagr":0.005322351501637845,"expectancy":0.0664634279999996,"expectancy_ratio":0.03714296338351808,"sortino":1.6589283338540721,"sharpe":0.04019302831778706,"calmar":0.622997742026057,"sqn":0.1394,"profit_factor":1.0675326606973057,"max_drawdown_account":0.044696946410520515,"max_drawdown_abs":"13.843"}]}