{"max_open_trades":5,"stake_currency":"USDT","stake_amount":"unlimited","tradable_balance_ratio":0.99,"fiat_display_currency":"USD","dry_run":true,"dry_run_wallet":300,"cancel_open_orders_on_exit":false,"timeframe":"1h","exchange":{"name":"binance","key":"REDACTED","secret":"REDACTED","password":"REDACTED","ccxt_config":{"enableRateLimit":true,"verify":false},"ccxt_async_config":{"enableRateLimit":true},"pair_whitelist":["BNB/USDT:USDT"]},"entry_pricing":{"price_side":"same","use_order_book":true,"order_book_top":1},"exit_pricing":{"price_side":"same","use_order_book":true,"order_book_top":1},"pairlists":[{"method":"StaticPairList"}],"webhook":{"enabled":true,"url":"REDACTED","format":"json"},"api_server":{"enabled":false,"listen_ip_address":"127.0.0.1","listen_port":8080,"verbosity":"error","jwt_secret_key":"somethingrandom","CORS_origins":[],"username":"freqtrader","password":"REDACTED"},"bot_name":"freqtrade_bot","initial_state":"running","force_entry_enable":true,"internals":{"process_throttle_secs":5},"freqai":{"enabled":true,"purge_old_models":2,"train_period_days":15,"backtest_period_days":7,"live_retrain_hours":1,"expiration_hours":2,"identifier":"volatility_predictor_5m","feature_parameters":{"include_timeframes":["1h"],"include_corr_pairlist":[],"indicator_periods_candles":[10,20,50],"label_period_candles":4,"DI_threshold":1,"weight_factor":0.9,"principal_component_analysis":false},"data_split_parameters":{"test_size":0.2,"random_state":42,"shuffle":false},"model_training_parameters":{"n_estimators":200,"learning_rate":0.05,"max_depth":6}},"trading_mode":"futures","margin_mode":"isolated","config_files":["configs/config_backtest_bnb.json","configs/config_freqai.json","configs/config_okx.json"]}